face_x,face_y,face_width,face_height,face_cam_x,face_cam_y,face_cam_z,torso_x,torso_y,torso_width,torso_height,torso_cam_x,torso_cam_y,torso_cam_z,person_x,person_y,person_width,person_height,person_cam_x,person_cam_y,person_cam_z,mean_cam_z
570.0,156.0,59.0,46.0,3.222619186452738,-0.6998504136053704,6.235,-1.0,-1.0,-1.0,-1.0,,,,494.0,136.0,342.0,144.0,3.8901770212521027,-0.3711942638495913,6.1240000000000006,6.179500000000001
-1.0,-1.0,-1.0,-1.0,,,,-1.0,-1.0,-1.0,-1.0,,,,359.0,130.0,348.0,190.0,2.6268092399250587,-0.20003927541719269,6.5920000000000005,6.5920000000000005
294.0,116.0,83.0,54.0,0.03520754653164152,-0.14318878313648606,0.812,-1.0,-1.0,-1.0,-1.0,,,,-1.0,-1.0,-1.0,-1.0,,,,0.812
264.0,68.0,111.0,76.0,0.07744493936464897,-1.2793886340548335,5.282,166.0,143.0,333.0,238.0,0.3416153492819288,0.31959302343923945,8.995000000000003,-1.0,-1.0,-1.0,-1.0,,,,7.1385000000000005
519.0,11.0,156.0,116.0,2.151637933592444,-1.2915239419486584,4.192,308.0,107.0,371.0,317.0,2.1133666973588845,0.26435595059424616,6.468,-1.0,-1.0,-1.0,-1.0,,,,5.33
-1.0,-1.0,-1.0,-1.0,,,,-1.0,-1.0,-1.0,-1.0,,,,271.0,184.0,294.0,148.0,0.3640736392223353,0.053805438712094734,1.894,1.894
460.0,147.0,76.0,55.0,2.671913708046564,-0.9642137136927584,7.959,-1.0,-1.0,-1.0,-1.0,,,,-1.0,-1.0,-1.0,-1.0,,,,7.959
471.0,66.0,116.0,98.0,2.354904552627711,-1.3612285833490967,6.018,-1.0,-1.0,-1.0,-1.0,,,,-1.0,-1.0,-1.0,-1.0,,,,6.018
-1.0,-1.0,-1.0,-1.0,,,,287.0,164.0,298.0,223.0,0.2878203512291366,0.075222170261418,1.2819999999999998,-1.0,-1.0,-1.0,-1.0,,,,1.2819999999999998
-1.0,-1.0,-1.0,-1.0,,,,282.0,167.0,290.0,207.0,0.25837482247117155,0.06171913933010161,1.24,-1.0,-1.0,-1.0,-1.0,,,,1.24
-1.0,-1.0,-1.0,-1.0,,,,275.0,169.0,283.0,222.0,0.2169332462441588,0.07771444722912496,1.15,-1.0,-1.0,-1.0,-1.0,,,,1.15
-1.0,-1.0,-1.0,-1.0,,,,279.0,162.0,300.0,238.0,0.22149184347795065,0.07247932764548047,1.045,-1.0,-1.0,-1.0,-1.0,,,,1.045
275.0,82.0,101.0,75.0,0.025855621202352387,-0.22279534908139292,1.017,195.0,138.0,333.0,257.0,0.09233145444693876,0.043760733630230635,1.026,-1.0,-1.0,-1.0,-1.0,,,,1.0215
306.0,64.0,111.0,82.0,0.092061479433936,-0.2496090667947141,1.023,214.0,133.0,340.0,280.0,0.13465594100422146,0.05654776805732496,1.026,-1.0,-1.0,-1.0,-1.0,,,,1.0245000000000002
294.0,56.0,119.0,82.0,0.0771560348765894,-0.2634053684799046,1.02,199.0,132.0,336.0,285.0,0.1033726248531864,0.05837448726119559,1.026,-1.0,-1.0,-1.0,-1.0,,,,1.023
293.0,56.0,121.0,80.0,0.07738296439093233,-0.2660014680715531,1.023,199.0,132.0,339.0,285.0,0.10562300635333448,0.05860206810821779,1.03,-1.0,-1.0,-1.0,-1.0,,,,1.0265
290.0,56.0,120.0,81.0,0.0712461588927695,-0.2636612792028884,1.014,197.0,132.0,337.0,284.0,0.09852624366843987,0.05769174472012896,1.014,-1.0,-1.0,-1.0,-1.0,,,,1.014
290.0,52.0,120.0,81.0,0.07047327156750277,-0.2679441257960886,1.003,198.0,125.0,353.0,287.0,0.11262813487834225,0.04593536745199224,0.9940000000000001,-1.0,-1.0,-1.0,-1.0,,,,0.9985
277.0,37.0,124.0,88.0,0.04684436653165347,-0.2657963058407096,0.927,181.0,118.0,357.0,289.0,0.09029275068766217,0.03712892823724349,1.045,-1.0,-1.0,-1.0,-1.0,,,,0.986
282.0,20.0,129.0,84.0,0.060943234371008535,-0.30965665156409056,0.966,-1.0,-1.0,-1.0,-1.0,,,,-1.0,-1.0,-1.0,-1.0,,,,0.966
286.0,157.0,120.0,84.0,0.04876720514367454,-0.05924031890009255,0.773,196.0,249.0,225.0,279.0,-0.004170255018052752,0.2138680820287653,0.8230000000000001,-1.0,-1.0,-1.0,-1.0,,,,0.7979999999999999
278.0,25.0,130.0,90.0,0.2510278294762688,-1.3324577016847825,4.3500000000000005,179.0,120.0,357.0,308.0,0.6300749406742904,0.4328587710362339,7.608,156.0,4.0,471.0,356.0,0.8653796397521143,-0.6433493013648308,6.018,6.018
501.0,16.0,165.0,127.0,2.1508441230609328,-1.27901008529892,4.406000000000001,-1.0,-1.0,-1.0,-1.0,,,,-1.0,-1.0,-1.0,-1.0,,,,4.406000000000001
421.0,91.0,101.0,83.0,1.4723281417747691,-1.0041185705684363,5.125,-1.0,-1.0,-1.0,-1.0,,,,-1.0,-1.0,-1.0,-1.0,,,,5.125
304.0,71.0,106.0,80.0,0.07677174947490369,-0.2162826011042165,0.927,220.0,135.0,342.0,268.0,0.13301365350128047,0.04439359103187554,0.925,-1.0,-1.0,-1.0,-1.0,,,,0.9259999999999999
308.0,39.0,127.0,93.0,0.10058823935242196,-0.2605925070136136,0.932,197.0,133.0,344.0,310.0,0.09651465776262877,0.07568461443151114,0.925,-1.0,-1.0,-1.0,-1.0,,,,0.9285
285.0,32.0,131.0,92.0,0.06499279780652051,-0.2701635389328824,0.925,174.0,121.0,352.0,312.0,0.0653441102270963,0.0578799412589775,0.93,-1.0,-1.0,-1.0,-1.0,,,,0.9275
279.0,32.0,133.0,94.0,0.05731051822122508,-0.2714195255911236,0.935,171.0,122.0,351.0,314.0,0.05911367557519151,0.06165211894139778,0.937,-1.0,-1.0,-1.0,-1.0,,,,0.9359999999999999
281.0,35.0,131.0,92.0,0.058672057934821886,-0.2666564880602588,0.93,173.0,122.0,351.0,310.0,0.06267483767322747,0.058502306218751465,0.94,-1.0,-1.0,-1.0,-1.0,,,,0.935
281.0,39.0,130.0,90.0,0.05204779332927748,-0.23214355089301486,0.8250000000000001,172.0,123.0,349.0,307.0,0.06062779319931594,0.05809828125521275,0.961,-1.0,-1.0,-1.0,-1.0,,,,0.893
280.0,36.0,132.0,92.0,0.05059676393949157,-0.22852747671085244,0.802,180.0,123.0,350.0,299.0,0.07447647855579888,0.050134294271195985,0.94,-1.0,-1.0,-1.0,-1.0,,,,0.871
267.0,112.0,131.0,97.0,0.03250947626296065,-0.12503899190538698,0.856,177.0,201.0,271.0,291.0,0.0018690076672947336,0.16417131134178725,0.887,-1.0,-1.0,-1.0,-1.0,,,,0.8714999999999999
269.0,101.0,124.0,93.0,0.3433575451487154,-1.6057205488504973,9.488999999999999,182.0,191.0,282.0,293.0,0.014979700512270329,0.11597665576419162,0.6859999999999999,-1.0,-1.0,-1.0,-1.0,,,,5.0875
260.0,18.0,144.0,104.0,0.16520586652322294,-1.3324577016847825,4.3500000000000005,169.0,123.0,351.0,311.0,0.4429262587472782,0.4765419826381983,7.444,-1.0,-1.0,-1.0,-1.0,,,,5.897
-1.0,-1.0,-1.0,-1.0,,,,-1.0,-1.0,-1.0,-1.0,,,,184.0,205.0,263.0,97.0,0.0656455300593741,0.17101105005057854,8.767000000000001,8.767000000000001
-1.0,-1.0,-1.0,-1.0,,,,-1.0,-1.0,-1.0,-1.0,,,,258.0,179.0,299.0,153.0,0.2942773970954444,0.03935243566602087,1.706,1.706
48.0,140.0,67.0,60.0,-0.5638975526817134,-0.17547241325513174,1.368,-1.0,-1.0,-1.0,-1.0,,,,-1.0,-1.0,-1.0,-1.0,,,,1.368
48.0,123.0,78.0,59.0,-1.5865084217379215,-0.6335728364276324,3.952,-1.0,-1.0,-1.0,-1.0,,,,-1.0,-1.0,-1.0,-1.0,,,,3.952
-1.0,-1.0,-1.0,-1.0,,,,6.0,164.0,300.0,187.0,-1.0974254659648774,0.105233597137818,3.952,-1.0,-1.0,-1.0,-1.0,,,,3.952
-1.0,-1.0,-1.0,-1.0,,,,121.0,156.0,315.0,172.0,-0.0846019550490672,-0.0001127852596963916,1.4369999999999998,-1.0,-1.0,-1.0,-1.0,,,,1.4369999999999998
-1.0,-1.0,-1.0,-1.0,,,,322.0,169.0,308.0,194.0,0.4861484687621158,0.06999158273607063,1.641,-1.0,-1.0,-1.0,-1.0,,,,1.641
-1.0,-1.0,-1.0,-1.0,,,,409.0,172.0,289.0,210.0,0.7796684102018715,0.11171451027942432,1.795,-1.0,-1.0,-1.0,-1.0,,,,1.795
454.0,150.0,67.0,55.0,0.6221656812221799,-0.22802262718086455,1.969,388.0,164.0,301.0,177.0,0.7888275049228941,0.034317137433155204,1.936,-1.0,-1.0,-1.0,-1.0,,,,1.9525
465.0,158.0,60.0,45.0,0.694021309927004,-0.2320870221378676,2.101,-1.0,-1.0,-1.0,-1.0,,,,401.0,139.0,339.0,170.0,0.9887279138330708,-0.06833241026030931,2.127,2.114
-1.0,-1.0,-1.0,-1.0,,,,-1.0,-1.0,-1.0,-1.0,,,,433.0,140.0,337.0,163.0,1.127807907017605,-0.08119202084671896,2.1670000000000003,2.1670000000000003
-1.0,-1.0,-1.0,-1.0,,,,-1.0,-1.0,-1.0,-1.0,,,,394.0,149.0,329.0,152.0,0.9429490260083364,-0.06454543974702197,2.127,2.127
504.0,165.0,55.0,45.0,0.5137613697470105,-0.1275006419119769,1.301,-1.0,-1.0,-1.0,-1.0,,,,438.0,143.0,335.0,177.0,0.6811585914222908,-0.025385185292657098,1.291,1.2959999999999998
-1.0,-1.0,-1.0,-1.0,,,,454.0,169.0,302.0,180.0,0.6067640434822886,0.034717109243281426,1.15,-1.0,-1.0,-1.0,-1.0,,,,1.15
504.0,89.0,100.0,98.0,0.4932847709005658,-0.2095098401268528,1.131,-1.0,-1.0,-1.0,-1.0,,,,-1.0,-1.0,-1.0,-1.0,,,,1.131
466.0,107.0,94.0,89.0,0.4141042315900775,-0.1851152780103363,1.142,375.0,150.0,328.0,253.0,0.4509888562396156,0.06662258682959883,1.102,-1.0,-1.0,-1.0,-1.0,,,,1.122
-1.0,-1.0,-1.0,-1.0,,,,275.0,150.0,319.0,249.0,0.2564901278619368,0.066055340848195,1.161,-1.0,-1.0,-1.0,-1.0,,,,1.161
-1.0,-1.0,-1.0,-1.0,,,,194.0,141.0,323.0,269.0,0.10925857864728364,0.08091370732487943,1.379,-1.0,-1.0,-1.0,-1.0,,,,1.379
292.0,94.0,99.0,73.0,0.3044814948342883,-1.122310660203775,5.626,201.0,140.0,327.0,249.0,0.15221428390009736,0.062389125901650175,1.5959999999999999,-1.0,-1.0,-1.0,-1.0,,,,3.611
203.0,124.0,80.0,55.0,-0.2480416940188676,-0.3305166828923605,2.039,-1.0,-1.0,-1.0,-1.0,,,,-1.0,-1.0,-1.0,-1.0,,,,2.039
198.0,138.0,68.0,48.0,-1.3056247614707674,-1.3161050848833504,9.235,-1.0,-1.0,-1.0,-1.0,,,,-1.0,-1.0,-1.0,-1.0,,,,9.235
198.0,140.0,55.0,42.0,-0.38421632222642105,-0.36015572885902164,2.496,-1.0,-1.0,-1.0,-1.0,,,,-1.0,-1.0,-1.0,-1.0,,,,2.496
-1.0,-1.0,-1.0,-1.0,,,,-1.0,-1.0,-1.0,-1.0,,,,277.0,143.0,335.0,137.0,0.4784312797939533,-0.11070932907705147,2.003,2.003
421.0,154.0,59.0,44.0,0.4553045608407921,-0.2144782128322224,1.824,-1.0,-1.0,-1.0,-1.0,,,,-1.0,-1.0,-1.0,-1.0,,,,1.824
450.0,154.0,58.0,47.0,2.4006894016782767,-0.9217024325711028,7.959,-1.0,-1.0,-1.0,-1.0,,,,-1.0,-1.0,-1.0,-1.0,,,,7.959
295.0,110.0,80.0,60.0,0.30316645978970136,-1.2703215938731112,6.992000000000001,242.0,159.0,309.0,188.0,0.8594635219306515,0.10974200611207426,5.626,-1.0,-1.0,-1.0,-1.0,,,,6.309
149.0,85.0,96.0,68.0,-1.2961646659223514,-1.3908826659958349,6.349,-1.0,-1.0,-1.0,-1.0,,,,-1.0,-1.0,-1.0,-1.0,,,,6.349
184.0,83.0,98.0,66.0,-0.8400184489025546,-1.350513967200078,6.018,-1.0,-1.0,-1.0,-1.0,,,,-1.0,-1.0,-1.0,-1.0,,,,6.018
329.0,131.0,72.0,50.0,,,,-1.0,-1.0,-1.0,-1.0,,,,-1.0,-1.0,-1.0,-1.0,,,,
-1.0,-1.0,-1.0,-1.0,,,,-1.0,-1.0,-1.0,-1.0,,,,335.0,153.0,325.0,131.0,2.383159658233233,-0.3055261228715646,7.1370000000000005,7.1370000000000005
178.0,159.0,51.0,39.0,-0.37865996015525694,-0.22326267958648305,1.9580000000000002,-1.0,-1.0,-1.0,-1.0,,,,-1.0,-1.0,-1.0,-1.0,,,,1.9580000000000002
-1.0,-1.0,-1.0,-1.0,,,,-1.0,-1.0,-1.0,-1.0,,,,327.0,178.0,300.0,86.0,0.9862306221580972,-0.12397987862565438,3.3089999999999997,3.3089999999999997
-1.0,-1.0,-1.0,-1.0,,,,-1.0,-1.0,-1.0,-1.0,,,,468.0,160.0,318.0,136.0,1.2367999121825195,-0.05453477010804695,2.181,2.181
227.0,139.0,67.0,48.0,-0.8649995511681725,-1.3354088369514199,9.488999999999999,-1.0,-1.0,-1.0,-1.0,,,,-1.0,-1.0,-1.0,-1.0,,,,9.488999999999999
167.0,118.0,77.0,55.0,-1.7072876122406668,-1.5541561880047154,8.995000000000003,-1.0,-1.0,-1.0,-1.0,,,,100.0,84.0,394.0,202.0,-0.1350903809170967,-0.5533146074270578,5.4479999999999995,7.221500000000002
53.0,85.0,95.0,69.0,-0.33199649543996523,-0.1923444606622055,0.878,-1.0,-1.0,-1.0,-1.0,,,,-1.0,-1.0,-1.0,-1.0,,,,0.878
51.0,60.0,111.0,83.0,-0.2218895183649378,-0.1516757824026185,0.604,-1.0,-1.0,-1.0,-1.0,,,,-1.0,-1.0,-1.0,-1.0,,,,0.604
103.0,32.0,128.0,95.0,-1.0434459476068092,-1.1742160224771068,4.045,-1.0,-1.0,-1.0,-1.0,,,,-1.0,-1.0,-1.0,-1.0,,,,4.045
212.0,0.0,143.0,116.0,-0.21988671562947448,-1.44374597326903,4.406000000000001,17.0,99.0,379.0,321.0,-0.7345570541459301,0.11794760505521786,3.907,6.0,0.0,477.0,349.0,-0.4682740123113031,-0.4733236561625338,3.907,3.907
439.0,0.0,153.0,123.0,0.2567064014684671,-0.2259575135647521,0.7010000000000001,260.0,119.0,356.0,350.0,0.16468529698327986,0.06678772427531672,0.722,-1.0,-1.0,-1.0,-1.0,,,,0.7115
438.0,1.0,137.0,129.0,1.1695445310750452,-1.0531308282922798,3.341,-1.0,-1.0,-1.0,-1.0,,,,-1.0,-1.0,-1.0,-1.0,,,,3.341
468.0,200.0,224.0,166.0,0.474574554885286,0.07167944032592459,0.983,-1.0,-1.0,-1.0,-1.0,,,,-1.0,-1.0,-1.0,-1.0,,,,0.983
344.0,1.0,129.0,137.0,0.7679178004915285,-1.3574557462370678,4.406000000000001,-1.0,-1.0,-1.0,-1.0,,,,-1.0,-1.0,-1.0,-1.0,,,,4.406000000000001
294.0,34.0,128.0,95.0,0.3825262571649973,-1.2962946048606776,4.521,191.0,132.0,346.0,313.0,0.12455629998341301,0.10685849345681464,1.306,-1.0,-1.0,-1.0,-1.0,,,,2.9135
159.0,54.0,121.0,87.0,-0.23666555975226644,-0.3710916808878656,1.4369999999999998,47.0,131.0,342.0,275.0,-0.25389383173375035,0.07047428105059171,1.525,-1.0,-1.0,-1.0,-1.0,,,,1.4809999999999999
185.0,81.0,100.0,66.0,-0.2242593777923469,-0.3759279388455289,1.649,-1.0,-1.0,-1.0,-1.0,,,,94.0,57.0,421.0,239.0,-0.04894107048813928,-0.4701117844864174,3.998,2.8235
185.0,127.0,79.0,50.0,-1.4381331548452925,-1.4805276175124458,9.235,-1.0,-1.0,-1.0,-1.0,,,,-1.0,-1.0,-1.0,-1.0,,,,9.235
433.0,164.0,53.0,40.0,2.217242275379894,-0.8621932762087496,8.343,-1.0,-1.0,-1.0,-1.0,,,,-1.0,-1.0,-1.0,-1.0,,,,8.343
572.0,150.0,66.0,54.0,3.2897163574887562,-0.7220523516875017,6.235,-1.0,-1.0,-1.0,-1.0,,,,-1.0,-1.0,-1.0,-1.0,,,,6.235
239.0,148.0,64.0,49.0,-0.17085804594453044,-0.29830261667484337,2.392,-1.0,-1.0,-1.0,-1.0,,,,-1.0,-1.0,-1.0,-1.0,,,,2.392
-1.0,-1.0,-1.0,-1.0,,,,-1.0,-1.0,-1.0,-1.0,,,,142.0,146.0,332.0,154.0,-0.014416009145030469,-0.09646433394493767,2.845,2.845
-1.0,-1.0,-1.0,-1.0,,,,-1.0,-1.0,-1.0,-1.0,,,,480.0,160.0,316.0,135.0,1.726390512953604,-0.07880119851225009,2.9419999999999997,2.9419999999999997
-1.0,-1.0,-1.0,-1.0,,,,-1.0,-1.0,-1.0,-1.0,,,,500.0,189.0,288.0,123.0,2.2582164355562515,0.053529300629442916,3.779,3.779
568.0,166.0,51.0,45.0,3.1555220154167207,-0.5999416922357801,6.235,-1.0,-1.0,-1.0,-1.0,,,,495.0,147.0,331.0,143.0,4.29180666688755,-0.2933684349220725,6.853,6.5440000000000005
-1.0,-1.0,-1.0,-1.0,,,,-1.0,-1.0,-1.0,-1.0,,,,401.0,111.0,367.0,209.0,0.9759925433287068,-0.09591488885789916,1.992,1.992
529.0,154.0,60.0,48.0,0.8715391544214346,-0.22326267958648305,1.9580000000000002,-1.0,-1.0,-1.0,-1.0,,,,448.0,124.0,354.0,190.0,1.1157144693930157,-0.08123609797694267,1.98,1.969
563.0,156.0,60.0,49.0,0.9691779726580624,-0.21154052707949375,1.915,-1.0,-1.0,-1.0,-1.0,,,,466.0,131.0,347.0,171.0,1.1524827756746234,-0.09079170917245813,1.9580000000000002,1.9365
-1.0,-1.0,-1.0,-1.0,,,,-1.0,-1.0,-1.0,-1.0,,,,462.0,124.0,354.0,174.0,1.1460081533393731,-0.1076141106904739,1.9469999999999998,1.9469999999999998
541.0,156.0,56.0,50.0,0.8816522634712312,-0.20693547672754573,1.904,-1.0,-1.0,-1.0,-1.0,,,,461.0,122.0,356.0,176.0,1.1460081533393731,-0.1110806041504506,1.9469999999999998,1.9255
-1.0,-1.0,-1.0,-1.0,,,,-1.0,-1.0,-1.0,-1.0,,,,465.0,123.0,355.0,172.0,1.18974738377306,-0.11784172394128704,2.003,2.003
553.0,156.0,57.0,49.0,3.076569269938317,-0.7013424576645985,6.349,-1.0,-1.0,-1.0,-1.0,,,,-1.0,-1.0,-1.0,-1.0,,,,6.349
488.0,156.0,59.0,48.0,0.8604953083984619,-0.2570521182840637,2.327,-1.0,-1.0,-1.0,-1.0,,,,-1.0,-1.0,-1.0,-1.0,,,,2.327
-1.0,-1.0,-1.0,-1.0,,,,323.0,163.0,299.0,138.0,0.6111089942678051,-0.03780417017845719,2.114,-1.0,-1.0,-1.0,-1.0,,,,2.114
290.0,157.0,58.0,43.0,0.14305760571391138,-1.112550543782081,9.757,-1.0,-1.0,-1.0,-1.0,,,,-1.0,-1.0,-1.0,-1.0,,,,9.757
422.0,145.0,70.0,53.0,0.36311052691175255,-0.17518709860760945,1.385,-1.0,-1.0,-1.0,-1.0,,,,-1.0,-1.0,-1.0,-1.0,,,,1.385
462.0,130.0,79.0,61.0,2.653342324152776,-1.136306446299072,7.779,-1.0,-1.0,-1.0,-1.0,,,,-1.0,-1.0,-1.0,-1.0,,,,7.779
542.0,114.0,90.0,72.0,0.6696953311311485,-0.22156287944772432,1.3519999999999999,-1.0,-1.0,-1.0,-1.0,,,,-1.0,-1.0,-1.0,-1.0,,,,1.3519999999999999
515.0,134.0,78.0,67.0,0.7192100682714702,-0.22032386646669802,1.649,-1.0,-1.0,-1.0,-1.0,,,,-1.0,-1.0,-1.0,-1.0,,,,1.649
514.0,135.0,78.0,64.0,0.7232021743655243,-0.22246163594120813,1.665,-1.0,-1.0,-1.0,-1.0,,,,438.0,98.0,378.0,196.0,0.9532602716088104,-0.13780531723882852,1.681,1.673
-1.0,-1.0,-1.0,-1.0,,,,-1.0,-1.0,-1.0,-1.0,,,,455.0,114.0,364.0,181.0,0.9787299370504244,-0.11332024247300974,1.673,1.673
-1.0,-1.0,-1.0,-1.0,,,,-1.0,-1.0,-1.0,-1.0,,,,455.0,111.0,367.0,181.0,0.9817305670195036,-0.12225621097615462,1.673,1.673
517.0,138.0,74.0,64.0,0.7296776496168403,-0.21459455217531828,1.673,-1.0,-1.0,-1.0,-1.0,,,,421.0,106.0,369.0,214.0,0.8869307452988932,-0.08692602416961734,1.681,1.6769999999999998
-1.0,-1.0,-1.0,-1.0,,,,-1.0,-1.0,-1.0,-1.0,,,,432.0,108.0,367.0,196.0,0.9219905387715768,-0.1084538863912193,1.69,1.69
501.0,136.0,72.0,57.0,0.6819122094318762,-0.23357810419263786,1.681,-1.0,-1.0,-1.0,-1.0,,,,430.0,111.0,364.0,198.0,0.9172185839355668,-0.09687461009114798,1.6980000000000002,1.6895
498.0,131.0,73.0,53.0,0.6448478158571392,-0.24392936023603834,1.611,-1.0,-1.0,-1.0,-1.0,,,,426.0,111.0,364.0,199.0,0.8709246057534971,-0.0932232702526124,1.634,1.6225
488.0,133.0,72.0,58.0,0.5830720828334146,-0.217331917103098,1.525,-1.0,-1.0,-1.0,-1.0,,,,-1.0,-1.0,-1.0,-1.0,,,,1.525
-1.0,-1.0,-1.0,-1.0,,,,-1.0,-1.0,-1.0,-1.0,,,,287.0,147.0,331.0,147.0,1.7015433349787417,-0.2637459164769356,6.72,6.72
-1.0,-1.0,-1.0,-1.0,,,,-1.0,-1.0,-1.0,-1.0,,,,171.0,143.0,329.0,155.0,0.07865331207930754,-0.07119569828707757,1.814,1.814
-1.0,-1.0,-1.0,-1.0,,,,-1.0,-1.0,-1.0,-1.0,,,,218.0,117.0,361.0,172.0,0.2406280079281989,-0.10698386432042756,1.5390000000000001,1.5390000000000001
360.0,132.0,74.0,54.0,,,,-1.0,-1.0,-1.0,-1.0,,,,-1.0,-1.0,-1.0,-1.0,,,,
-1.0,-1.0,-1.0,-1.0,,,,322.0,167.0,304.0,189.0,0.4205584944734253,0.048498242443305084,1.4369999999999998,-1.0,-1.0,-1.0,-1.0,,,,1.4369999999999998
498.0,124.0,76.0,60.0,2.8238247703123136,-1.096039050570492,6.992000000000001,-1.0,-1.0,-1.0,-1.0,,,,-1.0,-1.0,-1.0,-1.0,,,,6.992000000000001
-1.0,-1.0,-1.0,-1.0,,,,-1.0,-1.0,-1.0,-1.0,,,,340.0,115.0,363.0,192.0,0.7463840908916323,-0.10943807866827854,1.98,1.98
-1.0,-1.0,-1.0,-1.0,,,,373.0,166.0,297.0,165.0,0.7595777490639591,0.021367224893301524,2.015,365.0,125.0,353.0,177.0,0.8417663054263909,-0.1054385266400058,2.039,2.0269999999999997
-1.0,-1.0,-1.0,-1.0,,,,-1.0,-1.0,-1.0,-1.0,,,,288.0,140.0,338.0,159.0,0.5752090224147185,-0.09001616109162232,2.194,2.194
272.0,154.0,60.0,46.0,-0.03285999341256793,-0.2404139025025266,2.076,-1.0,-1.0,-1.0,-1.0,,,,-1.0,-1.0,-1.0,-1.0,,,,2.076
241.0,156.0,57.0,46.0,-0.16458526605275733,-0.2462665288612963,2.194,-1.0,-1.0,-1.0,-1.0,,,,-1.0,-1.0,-1.0,-1.0,,,,2.194
258.0,155.0,57.0,43.0,-0.10726195915736546,-0.2832664554346622,2.4090000000000003,-1.0,-1.0,-1.0,-1.0,,,,-1.0,-1.0,-1.0,-1.0,,,,2.4090000000000003
-1.0,-1.0,-1.0,-1.0,,,,-1.0,-1.0,-1.0,-1.0,,,,359.0,167.0,311.0,103.0,2.35698269702422,-0.2768870621736415,6.468,6.468
275.0,138.0,69.0,49.0,-0.03194028196275907,-1.390496731262247,9.757,-1.0,-1.0,-1.0,-1.0,,,,-1.0,-1.0,-1.0,-1.0,,,,9.757
176.0,132.0,75.0,54.0,-0.3495074969035893,-0.2945252013629433,1.992,-1.0,-1.0,-1.0,-1.0,,,,-1.0,-1.0,-1.0,-1.0,,,,1.992
-1.0,-1.0,-1.0,-1.0,,,,-1.0,-1.0,-1.0,-1.0,,,,264.0,143.0,335.0,132.0,1.3684700762427435,-0.3735282602612239,6.349,6.349
-1.0,-1.0,-1.0,-1.0,,,,-1.0,-1.0,-1.0,-1.0,,,,236.0,155.0,314.0,221.0,0.3625687462665093,0.10054354336144798,2.46,2.46
-1.0,-1.0,-1.0,-1.0,,,,286.0,171.0,294.0,206.0,0.2526547765284239,0.06560017915415059,1.153,-1.0,-1.0,-1.0,-1.0,,,,1.153
-1.0,-1.0,-1.0,-1.0,,,,-1.0,-1.0,-1.0,-1.0,,,,229.0,70.0,408.0,254.0,0.22570201198983225,-0.08260368243659587,1.03,1.03
415.0,84.0,109.0,85.0,0.27802248667076856,-0.20247598032497366,0.98,299.0,141.0,335.0,263.0,0.2719144659020257,0.052107665428679235,0.977,-1.0,-1.0,-1.0,-1.0,,,,0.9785
477.0,59.0,122.0,101.0,2.0278897169427914,-1.1789289675590655,4.977,342.0,142.0,336.0,296.0,0.3815242834930125,0.0911880410825517,1.068,-1.0,-1.0,-1.0,-1.0,,,,3.0225
467.0,57.0,119.0,98.0,2.1361196401800946,-1.340669460335764,5.535,334.0,145.0,333.0,304.0,0.40342395552882016,0.11633777331560564,1.189,-1.0,-1.0,-1.0,-1.0,,,,3.362
352.0,74.0,113.0,82.0,0.21611849128676694,-0.28047913648269857,1.24,255.0,141.0,334.0,259.0,0.2528379067600314,0.06311279731497488,1.268,-1.0,-1.0,-1.0,-1.0,,,,1.254
292.0,88.0,101.0,72.0,0.299922613189919,-1.1273465124417612,5.364,227.0,138.0,340.0,247.0,0.19520917768521284,0.04262580390110948,1.263,-1.0,-1.0,-1.0,-1.0,,,,3.3135
-1.0,-1.0,-1.0,-1.0,,,,227.0,148.0,320.0,232.0,0.18621891347038164,0.0532809389749055,1.3630000000000002,-1.0,-1.0,-1.0,-1.0,,,,1.3630000000000002
-1.0,-1.0,-1.0,-1.0,,,,117.0,148.0,325.0,221.0,-0.07346253840378145,0.036561562630657816,1.287,-1.0,-1.0,-1.0,-1.0,,,,1.287
155.0,93.0,100.0,74.0,-0.2433288181092312,-0.2557416044047705,1.2819999999999998,-1.0,-1.0,-1.0,-1.0,,,,-1.0,-1.0,-1.0,-1.0,,,,1.2819999999999998
222.0,116.0,82.0,55.0,-0.15474251714224654,-0.3181189221406661,1.804,-1.0,-1.0,-1.0,-1.0,,,,-1.0,-1.0,-1.0,-1.0,,,,1.804
367.0,131.0,74.0,52.0,1.5857528695308682,-1.436775728913574,9.488999999999999,295.0,179.0,285.0,187.0,0.1708583246515794,0.04026743848377976,0.755,-1.0,-1.0,-1.0,-1.0,,,,5.122000000000001
406.0,79.0,102.0,82.0,1.5507572322621055,-1.2852745593058614,5.915,302.0,138.0,337.0,246.0,2.1720077481682365,0.2567673128104837,7.608,-1.0,-1.0,-1.0,-1.0,,,,6.7615
-1.0,-1.0,-1.0,-1.0,,,,-1.0,-1.0,-1.0,-1.0,,,,402.0,154.0,323.0,129.0,3.518373903846153,-0.3330093470390781,7.779,7.779
-1.0,-1.0,-1.0,-1.0,,,,-1.0,-1.0,-1.0,-1.0,,,,447.0,171.0,307.0,112.0,1.168006770289295,-0.06031961218544773,2.252,2.252
-1.0,-1.0,-1.0,-1.0,,,,-1.0,-1.0,-1.0,-1.0,,,,453.0,160.0,318.0,137.0,1.0576643035016722,-0.04895877114697658,1.9580000000000002,1.9580000000000002
531.0,163.0,53.0,42.0,0.76075603502689,-0.1780605315722972,1.723,-1.0,-1.0,-1.0,-1.0,,,,-1.0,-1.0,-1.0,-1.0,,,,1.723
504.0,154.0,56.0,46.0,0.6271682321934893,-0.18308977835091256,1.581,-1.0,-1.0,-1.0,-1.0,,,,446.0,134.0,344.0,179.0,0.8556055013399194,-0.05265698088453012,1.5530000000000002,1.567
527.0,145.0,67.0,56.0,2.7864875747186235,-0.7664562278517641,6.235,-1.0,-1.0,-1.0,-1.0,,,,458.0,119.0,359.0,178.0,0.8810324478170586,-0.09128323993427244,1.506,3.8705
545.0,128.0,74.0,66.0,3.087956597896288,-0.9161172766530165,6.349,-1.0,-1.0,-1.0,-1.0,,,,-1.0,-1.0,-1.0,-1.0,,,,6.349
408.0,126.0,74.0,53.0,2.057565334453382,-1.3707104634251663,8.55,388.0,168.0,302.0,172.0,3.183522969771297,0.1655888525016077,7.779,-1.0,-1.0,-1.0,-1.0,,,,8.1645
205.0,121.0,76.0,49.0,-1.1543244897229203,-1.6395095128378818,9.488999999999999,-1.0,-1.0,-1.0,-1.0,,,,-1.0,-1.0,-1.0,-1.0,,,,9.488999999999999
91.0,124.0,73.0,52.0,-0.6313792168856902,-0.3138261199278048,1.915,61.0,151.0,311.0,169.0,-0.3273941505493393,-0.024142355022207837,1.925,-1.0,-1.0,-1.0,-1.0,,,,1.92
-1.0,-1.0,-1.0,-1.0,,,,54.0,159.0,300.0,163.0,-0.38836840154811203,-0.00737694777184394,2.0269999999999997,-1.0,-1.0,-1.0,-1.0,,,,2.0269999999999997
156.0,157.0,59.0,43.0,-0.4274290545102673,-0.215965023052502,1.894,-1.0,-1.0,-1.0,-1.0,,,,98.0,142.0,336.0,138.0,-0.32142625125467084,-0.2209764840988776,3.998,2.946
-1.0,-1.0,-1.0,-1.0,,,,-1.0,-1.0,-1.0,-1.0,,,,95.0,206.0,269.0,151.0,-0.2957185218307766,0.13975678967047192,2.015,2.015
-1.0,-1.0,-1.0,-1.0,,,,-1.0,-1.0,-1.0,-1.0,,,,96.0,196.0,282.0,149.0,-0.2621719427082994,0.09855152893032354,1.98,1.98
270.0,202.0,61.0,48.0,-0.03248236252930805,-0.04778980678328069,1.673,-1.0,-1.0,-1.0,-1.0,,,,189.0,181.0,297.0,160.0,0.07741423819044102,0.055653167563681334,1.649,1.661
224.0,189.0,71.0,52.0,-0.13812622367882765,-0.07155096628656532,1.486,157.0,224.0,243.0,165.0,-0.08978286809312977,0.1736500879358767,1.525,156.0,165.0,313.0,170.0,0.003173309523050585,0.021332396599084688,1.506,1.506
162.0,150.0,81.0,54.0,-1.8025312366252364,-1.0694712859397075,9.235,111.0,177.0,289.0,172.0,-0.1348696520637903,0.05025724746304044,1.347,107.0,125.0,353.0,179.0,-0.06936961750453235,-0.06940335702704463,1.39,1.39
-1.0,-1.0,-1.0,-1.0,,,,147.0,190.0,276.0,189.0,-0.191853607636158,0.3094052979144183,4.1419999999999995,-1.0,-1.0,-1.0,-1.0,,,,4.1419999999999995
-1.0,-1.0,-1.0,-1.0,,,,261.0,162.0,310.0,188.0,0.17354659699532698,0.02285970591052874,0.92,-1.0,-1.0,-1.0,-1.0,,,,0.92
537.0,88.0,119.0,98.0,3.2473791893078747,-1.1874117848489123,6.349,374.0,153.0,303.0,252.0,2.859507727760186,0.489795489220667,7.444,-1.0,-1.0,-1.0,-1.0,,,,6.8965
559.0,153.0,64.0,54.0,1.0753736109574057,-0.2363951581984944,2.14,-1.0,-1.0,-1.0,-1.0,,,,491.0,121.0,357.0,147.0,1.3921000945392148,-0.18536308702534088,2.1670000000000003,2.1535
-1.0,-1.0,-1.0,-1.0,,,,-1.0,-1.0,-1.0,-1.0,,,,468.0,136.0,342.0,167.0,1.4179422914199022,-0.09883725253861357,2.4090000000000003,2.4090000000000003
332.0,128.0,77.0,53.0,0.8256143089941884,-1.2194061462225196,7.779,-1.0,-1.0,-1.0,-1.0,,,,266.0,97.0,381.0,182.0,0.2413723556627799,-0.0891974256138842,0.927,4.353
485.0,96.0,100.0,87.0,0.2790376461815943,-0.12732302928983294,0.6940000000000001,351.0,158.0,319.0,245.0,0.26149417183228946,0.049466935105843005,0.732,-1.0,-1.0,-1.0,-1.0,,,,0.7130000000000001
515.0,71.0,115.0,90.0,0.5630568827557934,-0.2697437335617304,1.202,-1.0,-1.0,-1.0,-1.0,,,,-1.0,-1.0,-1.0,-1.0,,,,1.202
467.0,94.0,104.0,85.0,0.4614909279522075,-0.2333615739872963,1.236,355.0,149.0,325.0,250.0,0.4570572415902445,0.07032248172986134,1.236,-1.0,-1.0,-1.0,-1.0,,,,1.236
502.0,94.0,102.0,80.0,0.5485911989331275,-0.2429566395882192,1.263,-1.0,-1.0,-1.0,-1.0,,,,-1.0,-1.0,-1.0,-1.0,,,,1.263
487.0,91.0,99.0,79.0,0.5064468338060127,-0.2501559843397677,1.254,-1.0,-1.0,-1.0,-1.0,,,,360.0,50.0,418.0,268.0,0.5890029827391837,-0.13145269655250266,1.272,1.263
475.0,96.0,98.0,77.0,0.4775455943993014,-0.2402635335278589,1.249,372.0,153.0,317.0,241.0,0.4929520699761546,0.06911393873673051,1.254,-1.0,-1.0,-1.0,-1.0,,,,1.2515
477.0,98.0,97.0,76.0,0.4797857538920571,-0.23581602419913686,1.249,-1.0,-1.0,-1.0,-1.0,,,,-1.0,-1.0,-1.0,-1.0,,,,1.249
478.0,98.0,95.0,75.0,0.4817064334512726,-0.2389927003161139,1.254,-1.0,-1.0,-1.0,-1.0,,,,-1.0,-1.0,-1.0,-1.0,,,,1.254
476.0,97.0,96.0,76.0,0.4794573061462963,-0.2389927003161139,1.254,-1.0,-1.0,-1.0,-1.0,,,,-1.0,-1.0,-1.0,-1.0,,,,1.254
473.0,91.0,96.0,75.0,0.4745947325416995,-0.2556365343844335,1.259,-1.0,-1.0,-1.0,-1.0,,,,-1.0,-1.0,-1.0,-1.0,,,,1.259
474.0,91.0,95.0,75.0,0.4761025791899655,-0.25644872353259696,1.263,-1.0,-1.0,-1.0,-1.0,,,,-1.0,-1.0,-1.0,-1.0,,,,1.263
477.0,92.0,96.0,75.0,0.4870843362170763,-0.25520637717003514,1.268,-1.0,-1.0,-1.0,-1.0,,,,364.0,50.0,417.0,260.0,0.5874154167851621,-0.13852314410322986,1.254,1.261
475.0,96.0,95.0,77.0,0.4783678485569394,-0.2429566395882192,1.263,-1.0,-1.0,-1.0,-1.0,,,,-1.0,-1.0,-1.0,-1.0,,,,1.263
478.0,97.0,93.0,75.0,0.4848100990378818,-0.24391846318120497,1.268,-1.0,-1.0,-1.0,-1.0,,,,-1.0,-1.0,-1.0,-1.0,,,,1.268
478.0,98.0,93.0,75.0,0.4863394684354775,-0.24242321754553184,1.272,-1.0,-1.0,-1.0,-1.0,,,,-1.0,-1.0,-1.0,-1.0,,,,1.272
478.0,98.0,93.0,74.0,0.4848100990378818,-0.24166088038343894,1.268,-1.0,-1.0,-1.0,-1.0,,,,-1.0,-1.0,-1.0,-1.0,,,,1.268
478.0,98.0,94.0,74.0,0.4886208798644489,-0.24242321754553184,1.272,-1.0,-1.0,-1.0,-1.0,,,,-1.0,-1.0,-1.0,-1.0,,,,1.272
478.0,99.0,93.0,75.0,0.4863394684354775,-0.24015851303547006,1.272,-1.0,-1.0,-1.0,-1.0,,,,-1.0,-1.0,-1.0,-1.0,,,,1.272
-1.0,-1.0,-1.0,-1.0,,,,395.0,165.0,306.0,226.0,0.5257793802006708,0.07912491812746011,1.236,-1.0,-1.0,-1.0,-1.0,,,,1.236
479.0,96.0,98.0,74.0,0.4904013983620798,-0.24442873965893105,1.259,-1.0,-1.0,-1.0,-1.0,,,,-1.0,-1.0,-1.0,-1.0,,,,1.259
479.0,97.0,97.0,74.0,0.4862046880612254,-0.2412253571208447,1.254,405.0,171.0,300.0,217.0,0.5452387675340526,0.08191770339598745,1.245,390.0,68.0,410.0,230.0,0.6462809387606989,-0.1332969060906696,1.268,1.254
478.0,97.0,95.0,77.0,0.4797857538920571,-0.2380397788634979,1.249,-1.0,-1.0,-1.0,-1.0,,,,-1.0,-1.0,-1.0,-1.0,,,,1.249
478.0,99.0,95.0,76.0,0.4797857538920571,-0.23359226953477585,1.249,381.0,163.0,309.0,238.0,0.5021873488196128,0.08885215679757166,1.249,-1.0,-1.0,-1.0,-1.0,,,,1.249
478.0,100.0,94.0,76.0,0.4797857538920571,-0.2313685148704148,1.249,382.0,155.0,311.0,236.0,0.508695961110989,0.06911393873673051,1.254,-1.0,-1.0,-1.0,-1.0,,,,1.2515
478.0,98.0,97.0,76.0,0.4804821954876634,-0.2350608087493397,1.245,-1.0,-1.0,-1.0,-1.0,,,,-1.0,-1.0,-1.0,-1.0,,,,1.245
478.0,98.0,96.0,75.0,0.4804821954876634,-0.23727744170140494,1.245,382.0,156.0,312.0,235.0,0.5052407572853247,0.06834233176518807,1.24,-1.0,-1.0,-1.0,-1.0,,,,1.2425000000000002
477.0,98.0,97.0,76.0,0.4782492102446846,-0.2350608087493397,1.245,-1.0,-1.0,-1.0,-1.0,,,,-1.0,-1.0,-1.0,-1.0,,,,1.245
477.0,99.0,96.0,76.0,0.4782492102446846,-0.23284417579727454,1.245,369.0,158.0,311.0,244.0,0.4760162250017057,0.08413433634805266,1.245,-1.0,-1.0,-1.0,-1.0,,,,1.245
477.0,98.0,97.0,77.0,0.4782492102446846,-0.2350608087493397,1.245,367.0,157.0,311.0,247.0,0.4715502545157478,0.08413433634805266,1.245,-1.0,-1.0,-1.0,-1.0,,,,1.245
477.0,99.0,97.0,76.0,0.4782492102446846,-0.23284417579727454,1.245,361.0,152.0,319.0,255.0,0.4670842840297899,0.08191770339598745,1.245,-1.0,-1.0,-1.0,-1.0,,,,1.245
478.0,99.0,96.0,76.0,0.4785525481162271,-0.2319090586253979,1.24,367.0,157.0,312.0,245.0,0.4718804958239527,0.08158871663536098,1.24,-1.0,-1.0,-1.0,-1.0,,,,1.24
478.0,99.0,96.0,76.0,0.4785525481162271,-0.2319090586253979,1.24,368.0,156.0,313.0,245.0,0.472575143857115,0.07912491812746011,1.236,-1.0,-1.0,-1.0,-1.0,,,,1.238
478.0,99.0,95.0,76.0,0.4763285306854689,-0.2319090586253979,1.24,368.0,155.0,314.0,245.0,0.4747919870380965,0.07692430902806044,1.236,-1.0,-1.0,-1.0,-1.0,,,,1.238
477.0,100.0,92.0,77.0,0.4703583006761335,-0.2289603557884969,1.236,360.0,150.0,327.0,254.0,0.4703583006761335,0.07692430902806044,1.236,-1.0,-1.0,-1.0,-1.0,,,,1.236
477.0,101.0,93.0,76.0,0.4718804958239527,-0.2274935970020069,1.24,360.0,150.0,325.0,254.0,0.4681414574951519,0.07692430902806044,1.236,-1.0,-1.0,-1.0,-1.0,,,,1.238
475.0,101.0,93.0,77.0,0.4674324609624364,-0.2274935970020069,1.24,364.0,159.0,308.0,249.0,0.45927408477122605,0.0901279636244586,1.236,-1.0,-1.0,-1.0,-1.0,,,,1.238
478.0,100.0,96.0,76.0,0.4785525481162271,-0.22970132781370245,1.24,361.0,150.0,326.0,251.0,0.472575143857115,0.07252309082926105,1.236,-1.0,-1.0,-1.0,-1.0,,,,1.238
477.0,99.0,97.0,76.0,0.4763285306854689,-0.2319090586253979,1.24,364.0,159.0,309.0,248.0,0.45927408477122605,0.0901279636244586,1.236,-1.0,-1.0,-1.0,-1.0,,,,1.238
476.0,101.0,92.0,76.0,0.4715502545157478,-0.2284109098931441,1.245,365.0,158.0,309.0,246.0,0.46485129878681103,0.08635096930011789,1.245,-1.0,-1.0,-1.0,-1.0,,,,1.245
478.0,99.0,97.0,75.0,0.4820259133848127,-0.23581602419913686,1.249,369.0,162.0,305.0,249.0,0.4693172692727688,0.09743413406044403,1.245,351.0,55.0,416.0,275.0,0.5621828151349704,-0.11253316145923443,1.263,1.249
476.0,98.0,97.0,77.0,0.4760162250017057,-0.2350608087493397,1.245,379.0,144.0,333.0,233.0,0.5245889437471686,0.03992955418162928,1.249,-1.0,-1.0,-1.0,-1.0,,,,1.247
475.0,99.0,97.0,78.0,0.4737832397587267,-0.2306275428452093,1.245,380.0,143.0,334.0,230.0,0.5290692627326797,0.035482044852907235,1.249,-1.0,-1.0,-1.0,-1.0,,,,1.247
475.0,99.0,97.0,78.0,0.4737832397587267,-0.2306275428452093,1.245,379.0,141.0,336.0,231.0,0.5290692627326797,0.03103453552418521,1.249,-1.0,-1.0,-1.0,-1.0,,,,1.247
474.0,98.0,98.0,78.0,0.4737832397587267,-0.23284417579727454,1.245,379.0,143.0,333.0,232.0,0.5245889437471686,0.03770579951726827,1.249,-1.0,-1.0,-1.0,-1.0,,,,1.247
475.0,100.0,97.0,79.0,0.4806331179239131,-0.2317132363012377,1.263,379.0,143.0,333.0,232.0,0.5153487862111896,0.03704164612304897,1.227,-1.0,-1.0,-1.0,-1.0,,,,1.245
474.0,99.0,99.0,78.0,0.4825358618586871,-0.2348881319901409,1.268,371.0,142.0,333.0,243.0,0.4997714705651823,0.04596653962469623,1.232,364.0,51.0,416.0,257.0,0.5808573499311014,-0.13918436453418753,1.24,1.24
472.0,96.0,97.0,77.0,0.4790896632177041,-0.2456497456485795,1.277,392.0,178.0,293.0,224.0,0.4999438783783012,0.10476378877180798,1.227,-1.0,-1.0,-1.0,-1.0,,,,1.2520000000000002
470.0,96.0,97.0,77.0,0.4763668096089901,-0.2466115692415653,1.2819999999999998,389.0,166.0,300.0,223.0,0.5074647747160829,0.07717325501197,1.24,-1.0,-1.0,-1.0,-1.0,,,,1.261
469.0,96.0,97.0,77.0,0.4740674625555772,-0.2466115692415653,1.2819999999999998,394.0,171.0,302.0,215.0,0.5208088793006316,0.0793809858236655,1.24,-1.0,-1.0,-1.0,-1.0,,,,1.261
-1.0,-1.0,-1.0,-1.0,,,,394.0,171.0,302.0,214.0,0.5208088793006316,0.0793809858236655,1.24,-1.0,-1.0,-1.0,-1.0,,,,1.24
-1.0,-1.0,-1.0,-1.0,,,,394.0,172.0,302.0,212.0,0.5208088793006316,0.0793809858236655,1.24,-1.0,-1.0,-1.0,-1.0,,,,1.24
-1.0,-1.0,-1.0,-1.0,,,,394.0,172.0,301.0,213.0,0.5185848618698735,0.0793809858236655,1.24,-1.0,-1.0,-1.0,-1.0,,,,1.24
-1.0,-1.0,-1.0,-1.0,,,,393.0,171.0,302.0,214.0,0.5206759298612843,0.07970107044392223,1.245,-1.0,-1.0,-1.0,-1.0,,,,1.245
-1.0,-1.0,-1.0,-1.0,,,,393.0,172.0,301.0,214.0,0.5201086247616574,0.0821808928044886,1.249,-1.0,-1.0,-1.0,-1.0,,,,1.249
470.0,97.0,97.0,78.0,0.47265099986165005,-0.24015851303547006,1.272,374.0,154.0,320.0,242.0,0.50194857919606,0.07357925234619203,1.254,-1.0,-1.0,-1.0,-1.0,,,,1.263
472.0,98.0,98.0,78.0,0.4794952341485638,-0.23789380852540815,1.272,377.0,163.0,302.0,242.0,0.4865062323703238,0.09329966612629367,1.249,-1.0,-1.0,-1.0,-1.0,,,,1.2605
473.0,101.0,95.0,77.0,0.4757131503211033,-0.2326305491923749,1.268,381.0,160.0,308.0,232.0,0.5021873488196128,0.07550962881140556,1.249,-1.0,-1.0,-1.0,-1.0,,,,1.2585000000000002
473.0,101.0,94.0,78.0,0.4738373098229917,-0.2294645556438415,1.263,381.0,159.0,309.0,232.0,0.5005790626744739,0.07305117158772652,1.245,-1.0,-1.0,-1.0,-1.0,,,,1.254
475.0,103.0,93.0,78.0,0.4761025791899655,-0.22496719432904888,1.263,382.0,162.0,306.0,232.0,0.4985687049930503,0.0793809858236655,1.24,-1.0,-1.0,-1.0,-1.0,,,,1.2515
473.0,101.0,95.0,78.0,0.4723366374245024,-0.22873782704322754,1.259,382.0,163.0,305.0,233.0,0.4963446875622922,0.08158871663536098,1.24,-1.0,-1.0,-1.0,-1.0,,,,1.2495
473.0,101.0,95.0,78.0,0.4723366374245024,-0.22873782704322754,1.259,382.0,163.0,305.0,232.0,0.4963446875622922,0.08158871663536098,1.24,-1.0,-1.0,-1.0,-1.0,,,,1.2495
473.0,100.0,96.0,78.0,0.4745947325416995,-0.2309793859883281,1.259,380.0,162.0,306.0,235.0,0.494120670131534,0.08158871663536098,1.24,-1.0,-1.0,-1.0,-1.0,,,,1.2495
473.0,102.0,96.0,78.0,0.4727099242313672,-0.2255967594877294,1.254,382.0,163.0,305.0,232.0,0.49834607743149495,0.08191770339598745,1.245,-1.0,-1.0,-1.0,-1.0,,,,1.2495
473.0,103.0,94.0,79.0,0.4704607969263908,-0.22336410268299864,1.254,381.0,164.0,303.0,233.0,0.4918966527007759,0.08379644744705646,1.24,-1.0,-1.0,-1.0,-1.0,,,,1.247
478.0,104.0,91.0,78.0,0.4840580570065063,-0.22430558146503726,1.272,381.0,164.0,303.0,238.0,0.5045907598672476,0.09275304994361758,1.272,-1.0,-1.0,-1.0,-1.0,,,,1.272
-1.0,-1.0,-1.0,-1.0,,,,413.0,169.0,299.0,225.0,0.5752855913477702,0.08857043196485989,1.277,-1.0,-1.0,-1.0,-1.0,,,,1.277
495.0,106.0,94.0,73.0,0.5108198152212066,-0.21944543421487586,1.232,414.0,172.0,305.0,220.0,0.5615635097098548,0.0872871067979347,1.227,-1.0,-1.0,-1.0,-1.0,,,,1.2295
-1.0,-1.0,-1.0,-1.0,,,,418.0,162.0,313.0,215.0,0.5853053847926176,0.059511408518406125,1.24,-1.0,-1.0,-1.0,-1.0,,,,1.24
506.0,95.0,99.0,76.0,0.5356040262603585,-0.2374395143787709,1.2229999999999999,458.0,148.0,326.0,177.0,0.6781515280021184,-0.01311772611140098,1.219,-1.0,-1.0,-1.0,-1.0,,,,1.2209999999999999
504.0,95.0,99.0,78.0,0.532954395163062,-0.2360315097187212,1.227,445.0,128.0,348.0,189.0,0.6782006690160101,-0.04378800800611502,1.227,-1.0,-1.0,-1.0,-1.0,,,,1.227
496.0,92.0,98.0,75.0,0.5174488220148211,-0.2479607702472265,1.232,441.0,153.0,321.0,193.0,0.6385880488742969,0.01519579365570735,1.227,-1.0,-1.0,-1.0,-1.0,,,,1.2295
494.0,93.0,98.0,74.0,0.5184429446183054,-0.24836060646173114,1.245,446.0,150.0,324.0,189.0,0.6539929567071853,0.004272867422036541,1.227,-1.0,-1.0,-1.0,-1.0,,,,1.2360000000000002
492.0,93.0,100.0,75.0,0.5141368270083573,-0.2473631743072663,1.24,442.0,152.0,322.0,194.0,0.6456096200247029,0.01525771620524161,1.232,-1.0,-1.0,-1.0,-1.0,,,,1.236
493.0,94.0,99.0,75.0,0.5124783211147819,-0.2443646194842948,1.236,444.0,153.0,322.0,192.0,0.6521394415166162,0.015307254244869015,1.236,-1.0,-1.0,-1.0,-1.0,,,,1.236
-1.0,-1.0,-1.0,-1.0,,,,444.0,130.0,348.0,191.0,0.7332974386886237,-0.04039021170817406,1.331,-1.0,-1.0,-1.0,-1.0,,,,1.331
-1.0,-1.0,-1.0,-1.0,,,,433.0,137.0,340.0,200.0,3.4544306941581513,-0.0592002930556123,6.5920000000000005,-1.0,-1.0,-1.0,-1.0,,,,6.5920000000000005
-1.0,-1.0,-1.0,-1.0,,,,393.0,157.0,315.0,185.0,3.3369963145556056,0.09633910256540136,7.779,-1.0,-1.0,-1.0,-1.0,,,,7.779
-1.0,-1.0,-1.0,-1.0,,,,324.0,151.0,326.0,146.0,2.4580126126091097,-0.2499096471156305,7.779,-1.0,-1.0,-1.0,-1.0,,,,7.779
219.0,127.0,74.0,54.0,-0.204138032580051,-0.3254257821773944,2.076,-1.0,-1.0,-1.0,-1.0,,,,-1.0,-1.0,-1.0,-1.0,,,,2.076
179.0,133.0,73.0,51.0,-0.3724389221491792,-0.32425784193017004,2.1670000000000003,-1.0,-1.0,-1.0,-1.0,,,,-1.0,-1.0,-1.0,-1.0,,,,2.1670000000000003
-1.0,-1.0,-1.0,-1.0,,,,-1.0,-1.0,-1.0,-1.0,,,,301.0,167.0,309.0,122.0,1.6725377455835155,-0.1617289743506867,6.468,6.468
498.0,153.0,64.0,47.0,0.7020832511781595,-0.21000991673155112,1.786,-1.0,-1.0,-1.0,-1.0,,,,-1.0,-1.0,-1.0,-1.0,,,,1.786
528.0,151.0,66.0,49.0,0.7933089545845184,-0.2110411522554468,1.768,-1.0,-1.0,-1.0,-1.0,,,,-1.0,-1.0,-1.0,-1.0,,,,1.768
506.0,150.0,67.0,47.0,0.7345961859801361,-0.22065580256518308,1.795,-1.0,-1.0,-1.0,-1.0,,,,-1.0,-1.0,-1.0,-1.0,,,,1.795
-1.0,-1.0,-1.0,-1.0,,,,418.0,225.0,248.0,183.0,0.7405228814813919,0.2351683188783998,1.786,-1.0,-1.0,-1.0,-1.0,,,,1.786
-1.0,-1.0,-1.0,-1.0,,,,416.0,225.0,249.0,184.0,0.7415149847039525,0.24075032855930656,1.804,-1.0,-1.0,-1.0,-1.0,,,,1.804
474.0,177.0,62.0,48.0,0.6317520986093028,-0.13255993228376836,1.814,-1.0,-1.0,-1.0,-1.0,,,,423.0,156.0,318.0,175.0,0.8915143241366978,0.003119658701979837,1.8330000000000002,1.8235
-1.0,-1.0,-1.0,-1.0,,,,428.0,197.0,274.0,170.0,0.8224046509355591,0.1283340999702316,1.804,423.0,162.0,313.0,174.0,0.8677028640252585,0.02234165587196093,1.804,1.804
478.0,150.0,64.0,49.0,0.6765983079922899,-0.22945354614073185,1.894,438.0,165.0,297.0,160.0,0.8859100815816764,0.00944672171185282,1.795,-1.0,-1.0,-1.0,-1.0,,,,1.8445
-1.0,-1.0,-1.0,-1.0,,,,-1.0,-1.0,-1.0,-1.0,,,,449.0,129.0,349.0,187.0,1.010068676592886,-0.06437943475389689,1.804,1.804
-1.0,-1.0,-1.0,-1.0,,,,-1.0,-1.0,-1.0,-1.0,,,,374.0,139.0,339.0,161.0,2.596378923449907,-0.2558116519627462,6.235,6.235
-1.0,-1.0,-1.0,-1.0,,,,-1.0,-1.0,-1.0,-1.0,,,,215.0,149.0,329.0,140.0,0.2699849553507068,-0.09059055774398456,2.208,2.208
-1.0,-1.0,-1.0,-1.0,,,,-1.0,-1.0,-1.0,-1.0,,,,206.0,153.0,325.0,142.0,0.22365415228798305,-0.07006722462516905,2.181,2.181
-1.0,-1.0,-1.0,-1.0,,,,-1.0,-1.0,-1.0,-1.0,,,,212.0,152.0,326.0,138.0,0.2510364701229705,-0.08171656551301064,2.181,2.181
-1.0,-1.0,-1.0,-1.0,,,,-1.0,-1.0,-1.0,-1.0,,,,212.0,154.0,324.0,140.0,0.2501840259671828,-0.07093463180759893,2.208,2.208
-1.0,-1.0,-1.0,-1.0,,,,-1.0,-1.0,-1.0,-1.0,,,,211.0,153.0,325.0,139.0,0.24466263820584636,-0.07829738350889677,2.194,2.194
-1.0,-1.0,-1.0,-1.0,,,,-1.0,-1.0,-1.0,-1.0,,,,211.0,154.0,324.0,139.0,0.24466263820584636,-0.07439112431465493,2.194,2.194
-1.0,-1.0,-1.0,-1.0,,,,-1.0,-1.0,-1.0,-1.0,,,,211.0,154.0,324.0,139.0,0.246223840090478,-0.07486581699487607,2.208,2.208
-1.0,-1.0,-1.0,-1.0,,,,-1.0,-1.0,-1.0,-1.0,,,,208.0,154.0,324.0,144.0,0.2486713364151412,-0.06692858176522813,2.343,2.343
-1.0,-1.0,-1.0,-1.0,,,,-1.0,-1.0,-1.0,-1.0,,,,180.0,154.0,324.0,124.0,0.15281291980761533,-0.12672816198586725,2.733,2.733
-1.0,-1.0,-1.0,-1.0,,,,-1.0,-1.0,-1.0,-1.0,,,,163.0,163.0,312.0,124.0,0.03944091005128848,-0.0816301048046493,2.69,2.69
-1.0,-1.0,-1.0,-1.0,,,,-1.0,-1.0,-1.0,-1.0,,,,197.0,158.0,320.0,129.0,0.22103969724759212,-0.09524873135152484,2.6689999999999996,2.6689999999999996
-1.0,-1.0,-1.0,-1.0,,,,-1.0,-1.0,-1.0,-1.0,,,,189.0,159.0,319.0,126.0,0.18075689886395707,-0.09674758737129403,2.7110000000000003,2.7110000000000003
-1.0,-1.0,-1.0,-1.0,,,,-1.0,-1.0,-1.0,-1.0,,,,181.0,157.0,321.0,125.0,0.24153944391138085,-0.18310944710661367,4.463,4.463
-1.0,-1.0,-1.0,-1.0,,,,-1.0,-1.0,-1.0,-1.0,,,,174.0,162.0,316.0,131.0,0.10136424316103032,-0.07148891870468915,2.6689999999999996,2.6689999999999996
-1.0,-1.0,-1.0,-1.0,,,,-1.0,-1.0,-1.0,-1.0,,,,178.0,163.0,315.0,131.0,0.20131605732316696,-0.11609579899663547,4.643,4.643
-1.0,-1.0,-1.0,-1.0,,,,-1.0,-1.0,-1.0,-1.0,,,,186.0,158.0,320.0,129.0,0.2384104375652601,-0.1348613547311399,3.779,3.779
-1.0,-1.0,-1.0,-1.0,,,,-1.0,-1.0,-1.0,-1.0,,,,173.0,156.0,321.0,123.0,0.14250279854839182,-0.15976306225032813,3.583,3.583
-1.0,-1.0,-1.0,-1.0,,,,-1.0,-1.0,-1.0,-1.0,,,,167.0,164.0,314.0,114.0,0.07459946981002794,-0.1182848222487733,3.157,3.157
-1.0,-1.0,-1.0,-1.0,,,,-1.0,-1.0,-1.0,-1.0,,,,164.0,164.0,314.0,117.0,0.05067795407227167,-0.09910293254521713,2.7769999999999997,2.7769999999999997
-1.0,-1.0,-1.0,-1.0,,,,-1.0,-1.0,-1.0,-1.0,,,,291.0,209.0,264.0,96.0,0.5868786465857432,0.07767368493193702,2.9170000000000003,2.9170000000000003
-1.0,-1.0,-1.0,-1.0,,,,-1.0,-1.0,-1.0,-1.0,,,,166.0,166.0,310.0,114.0,0.04690037521272531,-0.08714001344059398,2.57,2.57
-1.0,-1.0,-1.0,-1.0,,,,-1.0,-1.0,-1.0,-1.0,,,,167.0,167.0,309.0,114.0,0.04870704336294313,-0.08574480629279056,2.6689999999999996,2.6689999999999996
-1.0,-1.0,-1.0,-1.0,,,,-1.0,-1.0,-1.0,-1.0,,,,179.0,164.0,314.0,121.0,0.12240872543055087,-0.08709410635434815,2.7110000000000003,2.7110000000000003
-1.0,-1.0,-1.0,-1.0,,,,-1.0,-1.0,-1.0,-1.0,,,,183.0,160.0,318.0,122.0,0.15158281214725394,-0.10157432787976699,2.7110000000000003,2.7110000000000003
-1.0,-1.0,-1.0,-1.0,,,,-1.0,-1.0,-1.0,-1.0,,,,184.0,160.0,318.0,127.0,0.44890700815997575,-0.2637595971028717,7.779,7.779
-1.0,-1.0,-1.0,-1.0,,,,-1.0,-1.0,-1.0,-1.0,,,,204.0,161.0,317.0,130.0,0.6688389961142597,-0.20815560193052388,7.287000000000001,7.287000000000001
-1.0,-1.0,-1.0,-1.0,,,,-1.0,-1.0,-1.0,-1.0,,,,221.0,167.0,310.0,123.0,0.3144478396143087,-0.06726205024788917,2.69,2.69
-1.0,-1.0,-1.0,-1.0,,,,-1.0,-1.0,-1.0,-1.0,,,,223.0,168.0,310.0,126.0,0.3215670786803041,-0.0524810685872206,2.6689999999999996,2.6689999999999996
-1.0,-1.0,-1.0,-1.0,,,,-1.0,-1.0,-1.0,-1.0,,,,222.0,167.0,311.0,128.0,0.3096587403103933,-0.051301276861767914,2.609,2.609
-1.0,-1.0,-1.0,-1.0,,,,-1.0,-1.0,-1.0,-1.0,,,,183.0,160.0,318.0,124.0,0.14811614510441748,-0.09453499038972997,2.6489999999999996,2.6489999999999996
-1.0,-1.0,-1.0,-1.0,,,,-1.0,-1.0,-1.0,-1.0,,,,180.0,159.0,319.0,129.0,0.3930985191474998,-0.2637595971028717,7.779,7.779
-1.0,-1.0,-1.0,-1.0,,,,-1.0,-1.0,-1.0,-1.0,,,,193.0,164.0,314.0,131.0,0.5345569791481168,-0.17668858436059376,7.608,7.608
-1.0,-1.0,-1.0,-1.0,,,,-1.0,-1.0,-1.0,-1.0,,,,230.0,164.0,314.0,128.0,0.3434734764963606,-0.06286126183018342,2.514,2.514
-1.0,-1.0,-1.0,-1.0,,,,-1.0,-1.0,-1.0,-1.0,,,,255.0,148.0,330.0,143.0,0.4497798314089686,-0.09424207931971583,2.2969999999999997,2.2969999999999997
-1.0,-1.0,-1.0,-1.0,,,,-1.0,-1.0,-1.0,-1.0,,,,276.0,150.0,328.0,146.0,0.5182751038482969,-0.07584910897533413,2.237,2.237
-1.0,-1.0,-1.0,-1.0,,,,-1.0,-1.0,-1.0,-1.0,,,,322.0,147.0,331.0,141.0,0.7305470060871914,-0.10309020371832504,2.312,2.312
-1.0,-1.0,-1.0,-1.0,,,,-1.0,-1.0,-1.0,-1.0,,,,308.0,150.0,328.0,137.0,0.6683462605237299,-0.09897385401135733,2.312,2.312
-1.0,-1.0,-1.0,-1.0,,,,-1.0,-1.0,-1.0,-1.0,,,,309.0,150.0,328.0,137.0,0.6768560368658295,-0.09961598541714037,2.327,2.327
-1.0,-1.0,-1.0,-1.0,,,,-1.0,-1.0,-1.0,-1.0,,,,322.0,140.0,338.0,139.0,0.6020373714257635,-0.10960515811413768,1.8630000000000002,1.8630000000000002
-1.0,-1.0,-1.0,-1.0,,,,-1.0,-1.0,-1.0,-1.0,,,,345.0,145.0,333.0,151.0,0.4950969058847137,-0.0541228599437045,1.379,1.379
-1.0,-1.0,-1.0,-1.0,,,,326.0,154.0,318.0,159.0,0.27271945048898405,-0.014057342188223515,0.873,-1.0,-1.0,-1.0,-1.0,,,,0.873
478.0,121.0,92.0,78.0,2.786128700070224,-1.0644382406712094,7.287000000000001,371.0,165.0,304.0,221.0,2.8952151711521226,0.4464042678228301,7.608,-1.0,-1.0,-1.0,-1.0,,,,7.4475
512.0,3.0,164.0,124.0,0.370253064237316,-0.2297911924049901,0.7290000000000001,-1.0,-1.0,-1.0,-1.0,,,,-1.0,-1.0,-1.0,-1.0,,,,0.7290000000000001
458.0,3.0,159.0,128.0,0.2932912120281061,-0.2253254078758639,0.723,332.0,124.0,354.0,306.0,0.2587595284722182,0.04530816907154368,0.728,-1.0,-1.0,-1.0,-1.0,,,,0.7255
461.0,21.0,152.0,130.0,0.29085726006106793,-0.19920071582716056,0.7170000000000001,-1.0,-1.0,-1.0,-1.0,,,,-1.0,-1.0,-1.0,-1.0,,,,0.7170000000000001
470.0,23.0,159.0,129.0,0.3045803456886069,-0.19681996954584902,0.713,-1.0,-1.0,-1.0,-1.0,,,,-1.0,-1.0,-1.0,-1.0,,,,0.713
485.0,24.0,151.0,128.0,0.3186472559381521,-0.1955505243291241,0.713,-1.0,-1.0,-1.0,-1.0,,,,-1.0,-1.0,-1.0,-1.0,,,,0.713
481.0,30.0,150.0,129.0,0.3179293793235291,-0.19056967144432552,0.723,-1.0,-1.0,-1.0,-1.0,,,,-1.0,-1.0,-1.0,-1.0,,,,0.723
480.0,29.0,151.0,127.0,0.3310847455869428,-0.20195987946345265,0.7559999999999999,-1.0,-1.0,-1.0,-1.0,,,,-1.0,-1.0,-1.0,-1.0,,,,0.7559999999999999
455.0,32.0,148.0,128.0,0.3087437175179901,-0.20515655748627115,0.789,-1.0,-1.0,-1.0,-1.0,,,,-1.0,-1.0,-1.0,-1.0,,,,0.789
379.0,48.0,142.0,125.0,0.20493697612406275,-0.1930129887373432,0.8210000000000001,292.0,125.0,349.0,341.0,0.22682731802471956,0.0768416240663938,0.8150000000000001,-1.0,-1.0,-1.0,-1.0,,,,0.8180000000000001
455.0,60.0,130.0,115.0,2.297529442087095,-1.363398342611613,6.1240000000000006,350.0,137.0,341.0,288.0,0.3582855351393168,0.06623708890089364,0.955,-1.0,-1.0,-1.0,-1.0,,,,3.5395000000000003
229.0,74.0,120.0,110.0,-0.03299908745695114,-0.16966796210910062,0.843,170.0,124.0,347.0,312.0,0.04905141495513297,0.057441113169353214,0.85,-1.0,-1.0,-1.0,-1.0,,,,0.8465
204.0,75.0,118.0,114.0,-0.07273927635067907,-0.16614488738381153,0.848,146.0,130.0,343.0,313.0,0.009225411240417637,0.06519087041955812,0.833,-1.0,-1.0,-1.0,-1.0,,,,0.8405
182.0,77.0,118.0,111.0,-0.11609360727048658,-0.18162300778867133,0.927,126.0,126.0,352.0,315.0,-0.013422579197426593,0.061835366629078375,0.848,-1.0,-1.0,-1.0,-1.0,,,,0.8875
215.0,65.0,127.0,121.0,-0.05074939822706745,-0.17963094842844446,0.862,167.0,122.0,354.0,318.0,0.051468459674421776,0.0599948501563068,0.865,-1.0,-1.0,-1.0,-1.0,,,,0.8634999999999999
281.0,69.0,120.0,102.0,0.26551479090953045,-1.0660282312687328,4.906000000000001,200.0,134.0,343.0,315.0,0.10576874953366258,0.08541923923241344,0.98,-1.0,-1.0,-1.0,-1.0,,,,2.943
152.0,64.0,118.0,108.0,-0.1620336395388631,-0.1998706688412008,0.905,87.0,140.0,338.0,305.0,-0.08741749083028195,0.0790702532900005,0.889,-1.0,-1.0,-1.0,-1.0,,,,0.897
64.0,82.0,109.0,109.0,-0.3067636305988332,-0.1674690259925015,0.887,8.0,123.0,355.0,308.0,-0.19859428087066272,0.05476811646010775,0.88,-1.0,-1.0,-1.0,-1.0,,,,0.8835
32.0,84.0,106.0,114.0,-0.3544026181387881,-0.1574140068195879,0.875,11.0,117.0,360.0,290.0,-0.1880497014429678,0.031088815509653638,0.875,-1.0,-1.0,-1.0,-1.0,,,,0.875
27.0,82.0,108.0,119.0,-0.35985567506661964,-0.15705420337542886,0.873,11.0,115.0,362.0,297.0,-0.18520161201195545,0.03242282705670537,0.8690000000000001,-1.0,-1.0,-1.0,-1.0,,,,0.871
45.0,76.0,114.0,118.0,-0.32210526175136417,-0.16390248984996647,0.86,0.0,123.0,355.0,312.0,-0.20762060319668035,0.05691470958837681,0.865,-1.0,-1.0,-1.0,-1.0,,,,0.8625
46.0,77.0,113.0,118.0,-0.32060709774321833,-0.16161610625657413,0.856,3.0,121.0,357.0,312.0,-0.20025062929514825,0.05352338654055985,0.86,-1.0,-1.0,-1.0,-1.0,,,,0.858
43.0,79.0,113.0,121.0,-0.3259728094785585,-0.1574108921191306,0.858,0.0,121.0,357.0,312.0,-0.2053544809136411,0.053647859532514636,0.862,-1.0,-1.0,-1.0,-1.0,,,,0.86
39.0,80.0,110.0,120.0,-0.33638941887513224,-0.1571550598827576,0.865,1.0,122.0,356.0,311.0,-0.2045177401682839,0.05383456902044682,0.865,-1.0,-1.0,-1.0,-1.0,,,,0.865
43.0,78.0,114.0,121.0,-0.3278370860437925,-0.16060568646329032,0.867,1.0,121.0,357.0,313.0,-0.2049906135559562,0.05395904201240161,0.867,-1.0,-1.0,-1.0,-1.0,,,,0.867
43.0,78.0,114.0,122.0,-0.3293495985514917,-0.15979590563608714,0.871,0.0,123.0,355.0,312.0,-0.2090607461090272,0.05730949370112856,0.871,-1.0,-1.0,-1.0,-1.0,,,,0.871
42.0,79.0,112.0,119.0,-0.33094712332196563,-0.16060568646329032,0.867,0.0,120.0,358.0,310.0,-0.2049906135559562,0.05087177973217583,0.867,-1.0,-1.0,-1.0,-1.0,,,,0.867
43.0,80.0,110.0,119.0,-0.3282751165592738,-0.15777781727558546,0.86,1.0,121.0,357.0,311.0,-0.20380843008677535,0.05211313053277148,0.862,-1.0,-1.0,-1.0,-1.0,,,,0.861
42.0,80.0,112.0,118.0,-0.3275116860556476,-0.1574108921191306,0.858,0.0,121.0,357.0,312.0,-0.20487802040108047,0.05352338654055985,0.86,-1.0,-1.0,-1.0,-1.0,,,,0.8590000000000001
41.0,81.0,110.0,116.0,-0.3348277653535416,-0.15942898047963228,0.8690000000000001,1.0,121.0,357.0,311.0,-0.2049906135559562,0.052415410872288716,0.867,-1.0,-1.0,-1.0,-1.0,,,,0.868
39.0,81.0,111.0,122.0,-0.33950053488785026,-0.15549988966687225,0.873,2.0,120.0,358.0,314.0,-0.20327767369147026,0.05433246098826598,0.873,-1.0,-1.0,-1.0,-1.0,,,,0.873
42.0,81.0,113.0,125.0,-0.3340008453364705,-0.15429825769017896,0.875,3.0,123.0,355.0,312.0,-0.20531273996800573,0.05757268310962973,0.875,-1.0,-1.0,-1.0,-1.0,,,,0.875
44.0,81.0,113.0,121.0,-0.3308621110591909,-0.1574140068195879,0.875,2.0,125.0,353.0,311.0,-0.20845147424528535,0.0591305576743342,0.875,-1.0,-1.0,-1.0,-1.0,,,,0.875
-1.0,-1.0,-1.0,-1.0,,,,3.0,125.0,353.0,312.0,-0.20546348694362854,0.06027228298939955,0.8690000000000001,-1.0,-1.0,-1.0,-1.0,,,,0.8690000000000001
-1.0,-1.0,-1.0,-1.0,,,,3.0,125.0,353.0,311.0,-0.2045177401682839,0.058454779872341815,0.865,-1.0,-1.0,-1.0,-1.0,,,,0.865
56.0,85.0,108.0,110.0,-1.4234807698135736,-0.7180078574065409,3.952,0.0,124.0,354.0,311.0,-0.204500293553262,0.056059344010748025,0.852,-1.0,-1.0,-1.0,-1.0,,,,2.4019999999999997
78.0,75.0,116.0,127.0,-1.2536123959822791,-0.7406015391928891,3.998,30.0,127.0,348.0,312.0,-0.16688153810972153,0.0635125051107633,0.871,-1.0,-1.0,-1.0,-1.0,,,,2.4345
192.0,62.0,128.0,110.0,-0.08171421246340192,-0.18500718855490694,0.8310000000000001,123.0,131.0,347.0,313.0,-0.022043017043791642,0.06635380389828928,0.8290000000000001,-1.0,-1.0,-1.0,-1.0,,,,0.8300000000000001
254.0,30.0,139.0,102.0,0.016704768063974928,-0.2193464659850516,0.765,148.0,132.0,341.0,313.0,0.010539289953774124,0.06701156672368393,0.8190000000000001,-1.0,-1.0,-1.0,-1.0,,,,0.792
211.0,28.0,150.0,103.0,-0.031880266814725465,-0.20784639606764116,0.716,91.0,158.0,320.0,336.0,-0.0864839594724693,0.12047884211028173,0.8059999999999999,-1.0,-1.0,-1.0,-1.0,,,,0.7609999999999999
187.0,134.0,150.0,111.0,-0.06848053057924693,-0.07385299848248061,0.782,75.0,245.0,228.0,328.0,-0.16933832878079055,0.2303710763473588,0.775,-1.0,-1.0,-1.0,-1.0,,,,0.7785
196.0,70.0,147.0,107.0,-0.06188826093597302,-0.17485827761373884,0.8250000000000001,70.0,169.0,306.0,333.0,-0.1279061963900262,0.13438707530429858,0.812,-1.0,-1.0,-1.0,-1.0,,,,0.8185
196.0,35.0,139.0,109.0,-0.07898490101652605,-0.2618571066297554,0.961,94.0,120.0,358.0,320.0,-0.0620752690379089,0.06183366888230376,0.915,-1.0,-1.0,-1.0,-1.0,,,,0.938
213.0,44.0,137.0,107.0,-0.05408175110171858,-0.26108120346390545,1.011,123.0,126.0,352.0,321.0,-0.021760639750953645,0.08029511770764301,1.026,-1.0,-1.0,-1.0,-1.0,,,,1.0185
281.0,73.0,118.0,92.0,0.05823979481667164,-0.2438261784932058,1.113,184.0,141.0,333.0,308.0,0.07792109488370945,0.10456117925108063,1.109,-1.0,-1.0,-1.0,-1.0,,,,1.111
217.0,93.0,104.0,87.0,-0.4677252205282325,-1.1771920823711917,6.235,172.0,143.0,328.0,257.0,0.056847135860222636,0.06490639476493755,1.259,-1.0,-1.0,-1.0,-1.0,,,,3.747
253.0,106.0,91.0,77.0,-0.032502904092367266,-0.2466538986929091,1.413,192.0,139.0,337.0,245.0,0.12365374819657075,0.04731700480550712,1.402,-1.0,-1.0,-1.0,-1.0,,,,1.4075000000000002
-1.0,-1.0,-1.0,-1.0,,,,270.0,168.0,302.0,222.0,0.2987793914875594,0.09948559641344017,1.5119999999999998,-1.0,-1.0,-1.0,-1.0,,,,1.5119999999999998
-1.0,-1.0,-1.0,-1.0,,,,249.0,164.0,305.0,195.0,0.2705812643477037,0.05646315908674281,1.673,-1.0,-1.0,-1.0,-1.0,,,,1.673
263.0,157.0,60.0,58.0,-0.3119369022454318,-0.9735774500419984,9.757,232.0,162.0,308.0,179.0,0.23838073436148025,0.02819140718479429,1.768,-1.0,-1.0,-1.0,-1.0,,,,5.7625
-1.0,-1.0,-1.0,-1.0,,,,307.0,167.0,302.0,164.0,0.471445469358764,0.022118734693637596,1.786,-1.0,-1.0,-1.0,-1.0,,,,1.786
-1.0,-1.0,-1.0,-1.0,,,,-1.0,-1.0,-1.0,-1.0,,,,279.0,134.0,344.0,166.0,0.4560618958291866,-0.08088478786550242,1.814,1.814
-1.0,-1.0,-1.0,-1.0,,,,-1.0,-1.0,-1.0,-1.0,,,,324.0,135.0,343.0,162.0,0.5959135854870611,-0.08365078822630974,1.804,1.804
-1.0,-1.0,-1.0,-1.0,,,,-1.0,-1.0,-1.0,-1.0,,,,352.0,130.0,348.0,174.0,0.6962167716142529,-0.0804388959809076,1.804,1.804
-1.0,-1.0,-1.0,-1.0,,,,-1.0,-1.0,-1.0,-1.0,,,,346.0,132.0,346.0,176.0,0.6735676650694031,-0.07080321924470118,1.804,1.804
-1.0,-1.0,-1.0,-1.0,,,,-1.0,-1.0,-1.0,-1.0,,,,345.0,131.0,347.0,176.0,0.6777636979148189,-0.07483567813633506,1.824,1.824
-1.0,-1.0,-1.0,-1.0,,,,372.0,165.0,303.0,165.0,0.7493005615140023,0.017373774251384387,1.969,363.0,131.0,347.0,177.0,0.7996528954831781,-0.08123609797694267,1.98,1.9745
-1.0,-1.0,-1.0,-1.0,,,,-1.0,-1.0,-1.0,-1.0,,,,389.0,143.0,335.0,149.0,0.9296026388519234,-0.09426154440334736,2.114,2.114
-1.0,-1.0,-1.0,-1.0,,,,-1.0,-1.0,-1.0,-1.0,,,,405.0,146.0,332.0,159.0,2.8577020388968566,-0.18583745792701575,6.1240000000000006,6.1240000000000006
-1.0,-1.0,-1.0,-1.0,,,,-1.0,-1.0,-1.0,-1.0,,,,335.0,149.0,329.0,137.0,0.8187829774035866,-0.10817337120270612,2.426,2.426
-1.0,-1.0,-1.0,-1.0,,,,-1.0,-1.0,-1.0,-1.0,,,,346.0,157.0,321.0,128.0,2.1826130353944646,-0.23360971388061497,6.235,6.235
-1.0,-1.0,-1.0,-1.0,,,,-1.0,-1.0,-1.0,-1.0,,,,329.0,150.0,328.0,134.0,2.1133666973588845,-0.28840287095593703,6.468,6.468
-1.0,-1.0,-1.0,-1.0,,,,-1.0,-1.0,-1.0,-1.0,,,,295.0,156.0,322.0,132.0,0.6545955794349824,-0.08971723889761464,2.514,2.514
-1.0,-1.0,-1.0,-1.0,,,,-1.0,-1.0,-1.0,-1.0,,,,287.0,156.0,322.0,129.0,1.4806181907224696,-0.2361938877021129,6.018,6.018
-1.0,-1.0,-1.0,-1.0,,,,-1.0,-1.0,-1.0,-1.0,,,,260.0,148.0,330.0,132.0,1.3001461084949206,-0.3170085710537455,6.349,6.349
-1.0,-1.0,-1.0,-1.0,,,,-1.0,-1.0,-1.0,-1.0,,,,264.0,150.0,328.0,125.0,1.3593171745852268,-0.3459819148674144,6.468,6.468
-1.0,-1.0,-1.0,-1.0,,,,-1.0,-1.0,-1.0,-1.0,,,,272.0,152.0,326.0,133.0,1.3639084474041592,-0.26216084860101746,6.1240000000000006,6.1240000000000006
-1.0,-1.0,-1.0,-1.0,,,,-1.0,-1.0,-1.0,-1.0,,,,265.0,150.0,328.0,134.0,1.3215326737655717,-0.2780135900448774,6.235,6.235
-1.0,-1.0,-1.0,-1.0,,,,-1.0,-1.0,-1.0,-1.0,,,,254.0,158.0,320.0,139.0,1.19690650814167,-0.1732447831329822,6.468,6.468
-1.0,-1.0,-1.0,-1.0,,,,-1.0,-1.0,-1.0,-1.0,,,,256.0,162.0,316.0,143.0,1.3207052796238556,-0.11492239541506442,7.1370000000000005,7.1370000000000005
-1.0,-1.0,-1.0,-1.0,,,,-1.0,-1.0,-1.0,-1.0,,,,277.0,179.0,299.0,138.0,0.4941231658521523,0.02536496374430633,2.392,2.392
-1.0,-1.0,-1.0,-1.0,,,,-1.0,-1.0,-1.0,-1.0,,,,259.0,209.0,269.0,144.0,0.3501883500525309,0.16479510285709242,2.376,2.376
-1.0,-1.0,-1.0,-1.0,,,,-1.0,-1.0,-1.0,-1.0,,,,254.0,261.0,216.0,145.0,0.2180817146654976,0.3847705522495123,2.376,2.376
-1.0,-1.0,-1.0,-1.0,,,,-1.0,-1.0,-1.0,-1.0,,,,264.0,138.0,340.0,133.0,1.4026320601166549,-0.4300479494687023,6.349,6.349
-1.0,-1.0,-1.0,-1.0,,,,-1.0,-1.0,-1.0,-1.0,,,,276.0,154.0,324.0,136.0,1.349187716975208,-0.2110888894508316,5.915,5.915
-1.0,-1.0,-1.0,-1.0,,,,-1.0,-1.0,-1.0,-1.0,,,,272.0,149.0,329.0,130.0,1.3998127066409254,-0.31131649716807425,6.235,6.235
-1.0,-1.0,-1.0,-1.0,,,,-1.0,-1.0,-1.0,-1.0,,,,272.0,150.0,328.0,132.0,1.3998127066409254,-0.28911455908594297,6.235,6.235
-1.0,-1.0,-1.0,-1.0,,,,-1.0,-1.0,-1.0,-1.0,,,,282.0,158.0,320.0,139.0,1.5217278410287838,-0.1732447831329822,6.468,6.468
-1.0,-1.0,-1.0,-1.0,,,,-1.0,-1.0,-1.0,-1.0,,,,242.0,158.0,320.0,128.0,0.3911583330578272,-0.08536341903066594,2.392,2.392
-1.0,-1.0,-1.0,-1.0,,,,-1.0,-1.0,-1.0,-1.0,,,,188.0,153.0,325.0,147.0,0.5465718639318087,-0.22220974714114794,7.779,7.779
-1.0,-1.0,-1.0,-1.0,,,,-1.0,-1.0,-1.0,-1.0,,,,123.0,152.0,326.0,140.0,-0.10503568354181196,-0.08418574644370441,2.359,2.359
-1.0,-1.0,-1.0,-1.0,,,,-1.0,-1.0,-1.0,-1.0,,,,118.0,153.0,325.0,136.0,-0.13042176637644962,-0.08838577627014768,2.359,2.359
-1.0,-1.0,-1.0,-1.0,,,,-1.0,-1.0,-1.0,-1.0,,,,119.0,153.0,325.0,136.0,-0.1253348593781668,-0.08778629665152862,2.343,2.343
-1.0,-1.0,-1.0,-1.0,,,,-1.0,-1.0,-1.0,-1.0,,,,110.0,132.0,346.0,159.0,-0.4375276522749893,-0.48456749277010003,8.767000000000001,8.767000000000001
91.0,130.0,70.0,51.0,-0.6076312576893721,-0.2840705113381238,1.8330000000000002,-1.0,-1.0,-1.0,-1.0,,,,-1.0,-1.0,-1.0,-1.0,,,,1.8330000000000002
68.0,129.0,68.0,48.0,-0.6621884916004789,-0.2802926826197271,1.768,-1.0,-1.0,-1.0,-1.0,,,,13.0,102.0,376.0,171.0,-0.373076938202449,-0.18561584610398485,1.894,1.831
73.0,133.0,72.0,51.0,-0.6465071119602497,-0.2672471184528305,1.786,-1.0,-1.0,-1.0,-1.0,,,,-1.0,-1.0,-1.0,-1.0,,,,1.786
97.0,133.0,75.0,55.0,-0.5607159027596947,-0.25825810477654704,1.768,-1.0,-1.0,-1.0,-1.0,,,,-1.0,-1.0,-1.0,-1.0,,,,1.768
-1.0,-1.0,-1.0,-1.0,,,,-1.0,-1.0,-1.0,-1.0,,,,65.0,133.0,343.0,171.0,-0.24478742936276265,-0.07808317894321616,1.824,1.824
138.0,154.0,62.0,49.0,-0.4543089604440869,-0.20365022765140892,1.786,-1.0,-1.0,-1.0,-1.0,,,,-1.0,-1.0,-1.0,-1.0,,,,1.786
136.0,155.0,61.0,47.0,-0.4662566450703873,-0.2046764606015,1.795,-1.0,-1.0,-1.0,-1.0,,,,-1.0,-1.0,-1.0,-1.0,,,,1.795
137.0,157.0,61.0,46.0,-0.4653588354716152,-0.19927890906078685,1.804,-1.0,-1.0,-1.0,-1.0,,,,-1.0,-1.0,-1.0,-1.0,,,,1.804
133.0,159.0,59.0,45.0,-0.4815367687179365,-0.1960670168153847,1.804,-1.0,-1.0,-1.0,-1.0,,,,-1.0,-1.0,-1.0,-1.0,,,,1.804
-1.0,-1.0,-1.0,-1.0,,,,-1.0,-1.0,-1.0,-1.0,,,,68.0,135.0,343.0,168.0,-0.23870892113673106,-0.07602549977337109,1.8530000000000002,1.8530000000000002
136.0,156.0,61.0,47.0,-0.39456481552196,-0.17050084655437975,1.519,-1.0,-1.0,-1.0,-1.0,,,,-1.0,-1.0,-1.0,-1.0,,,,1.519
-1.0,-1.0,-1.0,-1.0,,,,33.0,162.0,305.0,193.0,-0.3457345889702901,0.04352161146089183,1.5319999999999998,30.0,85.0,393.0,196.0,-0.2438792321139321,-0.16851335998686384,1.6030000000000002,1.5675
-1.0,-1.0,-1.0,-1.0,,,,37.0,163.0,305.0,194.0,-0.3535347302804118,0.05172619588941247,1.618,-1.0,-1.0,-1.0,-1.0,,,,1.618
-1.0,-1.0,-1.0,-1.0,,,,108.0,161.0,307.0,188.0,-0.14396632777166773,0.0371610632227196,1.611,-1.0,-1.0,-1.0,-1.0,,,,1.611
226.0,160.0,61.0,48.0,-0.15546350169029896,-0.1633857808565304,1.581,152.0,163.0,303.0,182.0,-0.022399781413522918,0.033973493841440536,1.5959999999999999,-1.0,-1.0,-1.0,-1.0,,,,1.5885
230.0,160.0,59.0,46.0,-0.14695663501764908,-0.16620063764144213,1.581,158.0,168.0,297.0,181.0,-0.013751624586890743,0.0451408881275177,1.589,-1.0,-1.0,-1.0,-1.0,,,,1.585
228.0,158.0,62.0,46.0,-0.14695663501764908,-0.17183035121126564,1.581,156.0,169.0,297.0,180.0,-0.019451566034430545,0.047969988337021034,1.589,-1.0,-1.0,-1.0,-1.0,,,,1.585
-1.0,-1.0,-1.0,-1.0,,,,150.0,162.0,304.0,182.0,-0.025151507481970356,0.030995387080001064,1.589,-1.0,-1.0,-1.0,-1.0,,,,1.589
-1.0,-1.0,-1.0,-1.0,,,,154.0,164.0,301.0,181.0,-0.01701552975950816,0.02958844388446262,1.39,-1.0,-1.0,-1.0,-1.0,,,,1.39
257.0,155.0,65.0,53.0,-0.04736523822409357,-0.13150836493714824,1.21,170.0,166.0,304.0,174.0,0.02485299224156724,0.024187715531278364,1.24,-1.0,-1.0,-1.0,-1.0,,,,1.225
-1.0,-1.0,-1.0,-1.0,,,,183.0,158.0,313.0,177.0,0.06574381969544894,0.009163236616195456,1.301,-1.0,-1.0,-1.0,-1.0,,,,1.301
293.0,109.0,96.0,69.0,0.3567618226000051,-1.1624389882213253,6.5920000000000005,194.0,140.0,335.0,209.0,0.12661828109828738,0.004899693938716717,1.4069999999999998,-1.0,-1.0,-1.0,-1.0,,,,3.9995
-1.0,-1.0,-1.0,-1.0,,,,295.0,164.0,301.0,203.0,0.3624202799633677,0.061552266789569376,1.506,-1.0,-1.0,-1.0,-1.0,,,,1.506
450.0,118.0,89.0,73.0,2.445618083896097,-1.166892833587921,7.444,359.0,171.0,300.0,197.0,0.5779436721096524,0.07803673407332933,1.626,-1.0,-1.0,-1.0,-1.0,,,,4.535
391.0,129.0,80.0,55.0,0.3868961705553197,-0.2749855652417054,1.795,326.0,169.0,300.0,193.0,0.5317711769823265,0.07336408956658501,1.795,325.0,97.0,381.0,200.0,0.6749071296810055,-0.1478044531365497,1.8430000000000002,1.795
-1.0,-1.0,-1.0,-1.0,,,,319.0,159.0,309.0,170.0,0.5794143641756478,0.006936880117927292,1.992,-1.0,-1.0,-1.0,-1.0,,,,1.992
-1.0,-1.0,-1.0,-1.0,,,,-1.0,-1.0,-1.0,-1.0,,,,344.0,128.0,350.0,176.0,0.8352388396675471,-0.10372883218528542,2.237,2.237
-1.0,-1.0,-1.0,-1.0,,,,-1.0,-1.0,-1.0,-1.0,,,,342.0,158.0,320.0,141.0,0.8877266128994551,-0.06473659780363758,2.589,2.589
-1.0,-1.0,-1.0,-1.0,,,,-1.0,-1.0,-1.0,-1.0,,,,360.0,170.0,308.0,122.0,1.1609998257141567,-0.06264694062153796,3.1860000000000004,3.1860000000000004
-1.0,-1.0,-1.0,-1.0,,,,-1.0,-1.0,-1.0,-1.0,,,,345.0,178.0,300.0,120.0,1.082488259224556,-0.02359505181684869,3.2769999999999997,3.2769999999999997
-1.0,-1.0,-1.0,-1.0,,,,-1.0,-1.0,-1.0,-1.0,,,,50.0,138.0,340.0,160.0,-0.3621281085497423,-0.09516387433704468,2.2230000000000003,2.2230000000000003
-1.0,-1.0,-1.0,-1.0,,,,-1.0,-1.0,-1.0,-1.0,,,,57.0,135.0,343.0,150.0,-0.5676177042903987,-0.21799639879757152,3.821,3.821
252.0,156.0,62.0,53.0,-0.4869347899221022,-1.04306399691204,9.757,187.0,159.0,313.0,151.0,0.07957870732132749,-0.019749915548064958,1.379,-1.0,-1.0,-1.0,-1.0,,,,5.568
282.0,154.0,65.0,56.0,0.05555866187557616,-1.04306399691204,9.757,197.0,165.0,306.0,189.0,0.09387067877785016,0.04033222430349912,1.3359999999999999,-1.0,-1.0,-1.0,-1.0,,,,5.5465
389.0,134.0,76.0,65.0,0.3138003892270841,-0.20389887646762955,1.506,311.0,162.0,306.0,207.0,0.4118181755213103,0.06126616727593924,1.499,-1.0,-1.0,-1.0,-1.0,,,,1.5025
-1.0,-1.0,-1.0,-1.0,,,,337.0,144.0,331.0,219.0,0.5822169906154016,0.033121565300089244,1.6980000000000002,-1.0,-1.0,-1.0,-1.0,,,,1.6980000000000002
-1.0,-1.0,-1.0,-1.0,,,,321.0,166.0,301.0,182.0,0.5105028503285396,0.047317839603720296,1.777,-1.0,-1.0,-1.0,-1.0,,,,1.777
-1.0,-1.0,-1.0,-1.0,,,,308.0,162.0,307.0,168.0,0.4991016872675041,0.013051097194319895,1.8530000000000002,-1.0,-1.0,-1.0,-1.0,,,,1.8530000000000002
-1.0,-1.0,-1.0,-1.0,,,,-1.0,-1.0,-1.0,-1.0,,,,318.0,149.0,324.0,171.0,0.6077614805174272,-0.028686788138342356,2.003,2.003
-1.0,-1.0,-1.0,-1.0,,,,-1.0,-1.0,-1.0,-1.0,,,,362.0,133.0,345.0,166.0,0.8309770736929988,-0.096263323923403,2.076,2.076
-1.0,-1.0,-1.0,-1.0,,,,-1.0,-1.0,-1.0,-1.0,,,,331.0,145.0,333.0,154.0,2.081967278840438,-0.2225087448395494,6.235,6.235
-1.0,-1.0,-1.0,-1.0,,,,-1.0,-1.0,-1.0,-1.0,,,,189.0,164.0,314.0,114.0,0.4907633749193327,-0.2914594970773544,7.779,7.779
-1.0,-1.0,-1.0,-1.0,,,,-1.0,-1.0,-1.0,-1.0,,,,96.0,163.0,313.0,141.0,-0.2202978547413039,-0.033621684408946965,2.088,2.088
-1.0,-1.0,-1.0,-1.0,,,,-1.0,-1.0,-1.0,-1.0,,,,22.0,140.0,338.0,155.0,-0.35116938532321074,-0.07285873394279548,1.634,1.634
-1.0,-1.0,-1.0,-1.0,,,,-1.0,-1.0,-1.0,-1.0,,,,0.0,81.0,397.0,166.0,-1.1024518722995664,-0.7570098225112974,5.4479999999999995,5.4479999999999995
-1.0,-1.0,-1.0,-1.0,,,,-1.0,-1.0,-1.0,-1.0,,,,1.0,97.0,381.0,165.0,-0.8304274815721457,-0.4337164391613715,3.864,3.864
-1.0,-1.0,-1.0,-1.0,,,,-1.0,-1.0,-1.0,-1.0,,,,1.0,118.0,360.0,181.0,-0.9097432658792374,-0.2368151516754332,3.907,3.907
-1.0,-1.0,-1.0,-1.0,,,,-1.0,-1.0,-1.0,-1.0,,,,356.0,171.0,303.0,124.0,0.9390924217669632,-0.04297714352848633,2.6689999999999996,2.6689999999999996
-1.0,-1.0,-1.0,-1.0,,,,-1.0,-1.0,-1.0,-1.0,,,,394.0,163.0,315.0,123.0,1.2255364831881763,-0.0913990160745557,2.845,2.845
-1.0,-1.0,-1.0,-1.0,,,,-1.0,-1.0,-1.0,-1.0,,,,159.0,151.0,327.0,142.0,0.04210978766091352,-0.07497848803655065,2.101,2.101
-1.0,-1.0,-1.0,-1.0,,,,-1.0,-1.0,-1.0,-1.0,,,,105.0,137.0,341.0,163.0,-0.5360769553991256,-0.35715348789652,8.343,8.343
-1.0,-1.0,-1.0,-1.0,,,,-1.0,-1.0,-1.0,-1.0,,,,63.0,135.0,340.0,167.0,-0.265768548805328,-0.08150787977405899,1.904,1.904
-1.0,-1.0,-1.0,-1.0,,,,-1.0,-1.0,-1.0,-1.0,,,,19.0,135.0,343.0,163.0,-0.4104440181640741,-0.08782405371431855,1.894,1.894
-1.0,-1.0,-1.0,-1.0,,,,-1.0,-1.0,-1.0,-1.0,,,,62.0,138.0,336.0,168.0,-0.27296911229350435,-0.06719871155298661,1.883,1.883
-1.0,-1.0,-1.0,-1.0,,,,-1.0,-1.0,-1.0,-1.0,,,,64.0,139.0,334.0,166.0,-0.2681601197437529,-0.06684184107208918,1.8730000000000002,1.8730000000000002
-1.0,-1.0,-1.0,-1.0,,,,-1.0,-1.0,-1.0,-1.0,,,,64.0,131.0,347.0,166.0,-0.2563458995370038,-0.09666539511104917,1.936,1.936
-1.0,-1.0,-1.0,-1.0,,,,-1.0,-1.0,-1.0,-1.0,,,,64.0,140.0,335.0,167.0,-0.2741733205068269,-0.06493117733024803,1.915,1.915
-1.0,-1.0,-1.0,-1.0,,,,-1.0,-1.0,-1.0,-1.0,,,,65.0,133.0,345.0,164.0,-0.25488938874417993,-0.09268883586920476,1.925,1.925
-1.0,-1.0,-1.0,-1.0,,,,-1.0,-1.0,-1.0,-1.0,,,,64.0,140.0,334.0,167.0,-0.277179920888364,-0.06564321635057972,1.936,1.936
-1.0,-1.0,-1.0,-1.0,,,,-1.0,-1.0,-1.0,-1.0,,,,64.0,139.0,336.0,169.0,-0.27526274072372325,-0.06601618917075347,1.9469999999999998,1.9469999999999998
-1.0,-1.0,-1.0,-1.0,,,,-1.0,-1.0,-1.0,-1.0,,,,64.0,140.0,334.0,167.0,-0.2834794645449177,-0.06713510763127473,1.98,1.98
-1.0,-1.0,-1.0,-1.0,,,,64.0,157.0,311.0,188.0,-0.1701291045400774,0.016471563134554574,1.033,-1.0,-1.0,-1.0,-1.0,,,,1.033
-1.0,-1.0,-1.0,-1.0,,,,46.0,137.0,337.0,208.0,-0.6943007091457141,-0.007431940909557822,3.998,-1.0,-1.0,-1.0,-1.0,,,,3.998
237.0,103.0,112.0,87.0,-0.3033687880913091,-1.6226150308441891,9.488999999999999,103.0,169.0,303.0,245.0,-0.4122644200703173,0.3525722680562371,4.045,-1.0,-1.0,-1.0,-1.0,,,,6.767
-1.0,-1.0,-1.0,-1.0,,,,-1.0,-1.0,-1.0,-1.0,,,,292.0,1.0,471.0,341.0,2.1813298046510803,-0.7116264380984916,5.626,5.626
522.0,2.0,158.0,114.0,2.1052067299890225,-1.3182526536594976,4.045,-1.0,-1.0,-1.0,-1.0,,,,-1.0,-1.0,-1.0,-1.0,,,,4.045
-1.0,-1.0,-1.0,-1.0,,,,-1.0,-1.0,-1.0,-1.0,,,,351.0,44.0,425.0,276.0,2.8200361602366333,-0.6665475064821736,6.235,6.235
-1.0,-1.0,-1.0,-1.0,,,,248.0,169.0,304.0,192.0,1.1905978734695042,0.30424639706610523,7.444,238.0,103.0,375.0,228.0,1.349907567679716,-0.2939319303249129,6.5920000000000005,7.018000000000002
-1.0,-1.0,-1.0,-1.0,,,,-1.0,-1.0,-1.0,-1.0,,,,99.0,146.0,332.0,132.0,-0.17695576679352826,-0.11516683096931715,2.153,2.153
-1.0,-1.0,-1.0,-1.0,,,,-1.0,-1.0,-1.0,-1.0,,,,271.0,132.0,346.0,147.0,0.3692734690771101,-0.10196538698624373,1.546,1.546
-1.0,-1.0,-1.0,-1.0,,,,306.0,177.0,288.0,157.0,0.3349883336887846,0.030956019146424395,1.3419999999999999,-1.0,-1.0,-1.0,-1.0,,,,1.3419999999999999
426.0,129.0,84.0,57.0,0.4152429017708161,-0.22303410777634045,1.473,340.0,175.0,297.0,182.0,0.4280417145982031,0.05745195730986419,1.347,336.0,95.0,383.0,200.0,0.5284664990649524,-0.1141629800956794,1.3630000000000002,1.3630000000000002
527.0,105.0,96.0,74.0,3.064629172242576,-1.1520885296280985,6.468,-1.0,-1.0,-1.0,-1.0,,,,431.0,64.0,414.0,201.0,0.8948829137505937,-0.21190161147755665,1.525,3.9965
-1.0,-1.0,-1.0,-1.0,,,,-1.0,-1.0,-1.0,-1.0,,,,391.0,109.0,369.0,179.0,3.527071669476459,-0.5837385439592979,7.444,7.444
204.0,151.0,63.0,47.0,-1.2559341139553204,-1.1187980457284363,9.235,-1.0,-1.0,-1.0,-1.0,,,,-1.0,-1.0,-1.0,-1.0,,,,9.235
-1.0,-1.0,-1.0,-1.0,,,,-1.0,-1.0,-1.0,-1.0,,,,186.0,131.0,347.0,153.0,0.13980255561017935,-0.10095263316392193,1.618,1.618
-1.0,-1.0,-1.0,-1.0,,,,349.0,169.0,303.0,172.0,2.763912146120916,0.18790442024349716,8.146,-1.0,-1.0,-1.0,-1.0,,,,8.146
502.0,60.0,120.0,102.0,2.6196442550409427,-1.3567241913926849,5.815,-1.0,-1.0,-1.0,-1.0,,,,-1.0,-1.0,-1.0,-1.0,,,,5.815
-1.0,-1.0,-1.0,-1.0,,,,430.0,155.0,322.0,192.0,3.823103940263524,0.12131234494452202,7.608,-1.0,-1.0,-1.0,-1.0,,,,7.608
-1.0,-1.0,-1.0,-1.0,,,,325.0,159.0,308.0,130.0,2.346395634584158,-0.2499096471156305,7.779,-1.0,-1.0,-1.0,-1.0,,,,7.779
-1.0,-1.0,-1.0,-1.0,,,,-1.0,-1.0,-1.0,-1.0,,,,312.0,172.0,306.0,99.0,0.9150118446254004,-0.12397987862565438,3.3089999999999997,3.3089999999999997
-1.0,-1.0,-1.0,-1.0,,,,-1.0,-1.0,-1.0,-1.0,,,,324.0,172.0,306.0,100.0,1.7936342956021238,-0.2147646554040751,6.018,6.018
-1.0,-1.0,-1.0,-1.0,,,,-1.0,-1.0,-1.0,-1.0,,,,290.0,155.0,323.0,122.0,1.6261346980282134,-0.29991867973823244,6.468,6.468
-1.0,-1.0,-1.0,-1.0,,,,-1.0,-1.0,-1.0,-1.0,,,,207.0,107.0,371.0,205.0,0.9416897465875088,-0.3805293412143009,6.468,6.468
236.0,130.0,65.0,45.0,-0.11459997736847033,-0.2391929837930232,1.492,-1.0,-1.0,-1.0,-1.0,,,,-1.0,-1.0,-1.0,-1.0,,,,1.492
-1.0,-1.0,-1.0,-1.0,,,,-1.0,-1.0,-1.0,-1.0,,,,126.0,79.0,399.0,165.0,0.1247273132927638,-0.7079022459063943,4.906000000000001,4.906000000000001
-1.0,-1.0,-1.0,-1.0,,,,112.0,125.0,350.0,231.0,-0.04926993819654643,-0.0041961622007578026,1.153,-1.0,-1.0,-1.0,-1.0,,,,1.153
-1.0,-1.0,-1.0,-1.0,,,,211.0,149.0,322.0,180.0,0.08393645628330458,-0.004146124686960241,0.765,-1.0,-1.0,-1.0,-1.0,,,,0.765
355.0,79.0,110.0,83.0,1.017274163743574,-1.242685579825904,5.718999999999999,-1.0,-1.0,-1.0,-1.0,,,,-1.0,-1.0,-1.0,-1.0,,,,5.718999999999999
474.0,8.0,158.0,125.0,1.913771039191892,-1.3496111801432529,4.406000000000001,296.0,108.0,368.0,328.0,1.8581783857657133,0.32661959374128113,6.1240000000000006,-1.0,-1.0,-1.0,-1.0,,,,5.2650000000000015
-1.0,-1.0,-1.0,-1.0,,,,473.0,151.0,315.0,141.0,4.171515790313015,-0.27302549880481825,7.287000000000001,-1.0,-1.0,-1.0,-1.0,,,,7.287000000000001
-1.0,-1.0,-1.0,-1.0,,,,-1.0,-1.0,-1.0,-1.0,,,,322.0,178.0,294.0,94.0,1.8349484120270725,-0.19627640069757316,6.468,6.468
-1.0,-1.0,-1.0,-1.0,,,,-1.0,-1.0,-1.0,-1.0,,,,190.0,138.0,340.0,136.0,0.15593425592834315,-0.11345945037850635,1.768,1.768
248.0,130.0,70.0,48.0,-0.07480939326567912,-0.23497747952018985,1.499,-1.0,-1.0,-1.0,-1.0,,,,-1.0,-1.0,-1.0,-1.0,,,,1.499
-1.0,-1.0,-1.0,-1.0,,,,196.0,153.0,310.0,174.0,0.09410519680646813,-0.0047529816428358105,1.306,-1.0,-1.0,-1.0,-1.0,,,,1.306
-1.0,-1.0,-1.0,-1.0,,,,291.0,164.0,304.0,220.0,0.3522767940531181,0.08454628466874915,1.486,-1.0,-1.0,-1.0,-1.0,,,,1.486
-1.0,-1.0,-1.0,-1.0,,,,361.0,164.0,306.0,226.0,0.6038219432543496,0.1031258738345438,1.6569999999999998,-1.0,-1.0,-1.0,-1.0,,,,1.6569999999999998
-1.0,-1.0,-1.0,-1.0,,,,-1.0,-1.0,-1.0,-1.0,,,,351.0,126.0,352.0,158.0,2.4174531340205268,-0.4112252185376647,6.235,6.235
-1.0,-1.0,-1.0,-1.0,,,,-1.0,-1.0,-1.0,-1.0,,,,313.0,156.0,322.0,130.0,2.178592507209588,-0.2789078925625177,7.444,7.444
-1.0,-1.0,-1.0,-1.0,,,,-1.0,-1.0,-1.0,-1.0,,,,466.0,156.0,322.0,120.0,1.3110872980128312,-0.10720655342529274,2.312,2.312
-1.0,-1.0,-1.0,-1.0,,,,-1.0,-1.0,-1.0,-1.0,,,,469.0,147.0,331.0,128.0,1.225346737394319,-0.11684449409330346,2.114,2.114
-1.0,-1.0,-1.0,-1.0,,,,-1.0,-1.0,-1.0,-1.0,,,,453.0,149.0,329.0,150.0,1.0631421193824686,-0.06219630759941645,1.936,1.936
492.0,165.0,49.0,42.0,0.6969803516077218,-0.18898797687604232,1.894,-1.0,-1.0,-1.0,-1.0,,,,-1.0,-1.0,-1.0,-1.0,,,,1.894
489.0,158.0,51.0,48.0,0.7014829455429227,-0.20579052926674965,1.925,-1.0,-1.0,-1.0,-1.0,,,,-1.0,-1.0,-1.0,-1.0,,,,1.925
-1.0,-1.0,-1.0,-1.0,,,,-1.0,-1.0,-1.0,-1.0,,,,353.0,122.0,356.0,213.0,0.7688650168312294,-0.04868372187086998,1.9469999999999998,1.9469999999999998
440.0,135.0,62.0,48.0,0.5561809331660397,-0.2862453764250293,1.936,-1.0,-1.0,-1.0,-1.0,,,,366.0,113.0,365.0,184.0,0.8375886728277678,-0.12986406660796498,1.969,1.9525
453.0,141.0,61.0,48.0,0.6012458450498325,-0.2670728098494022,1.9469999999999998,-1.0,-1.0,-1.0,-1.0,,,,-1.0,-1.0,-1.0,-1.0,,,,1.9469999999999998
452.0,142.0,61.0,48.0,0.5977537789710533,-0.2636063163894255,1.9469999999999998,-1.0,-1.0,-1.0,-1.0,,,,-1.0,-1.0,-1.0,-1.0,,,,1.9469999999999998
-1.0,-1.0,-1.0,-1.0,,,,390.0,156.0,308.0,169.0,0.8142618758553579,-0.007085800351149558,1.9469999999999998,370.0,124.0,354.0,194.0,0.8340571483752172,-0.0737734605663081,1.969,1.958
-1.0,-1.0,-1.0,-1.0,,,,-1.0,-1.0,-1.0,-1.0,,,,386.0,118.0,360.0,183.0,0.8910873295884982,-0.1145470976104273,1.9469999999999998,1.9469999999999998
438.0,140.0,57.0,44.0,0.5357577757025583,-0.2743370101137466,1.925,-1.0,-1.0,-1.0,-1.0,,,,380.0,119.0,359.0,187.0,0.8666428670370445,-0.1041476172304972,1.9469999999999998,1.936
439.0,137.0,61.0,46.0,0.5373210099535058,-0.27666337694953624,1.894,-1.0,-1.0,-1.0,-1.0,,,,386.0,116.0,362.0,171.0,0.8895252747878012,-0.14147520887617174,1.936,1.915
-1.0,-1.0,-1.0,-1.0,,,,-1.0,-1.0,-1.0,-1.0,,,,375.0,127.0,351.0,192.0,0.7142433299569462,-0.0564545223262992,1.665,1.665
-1.0,-1.0,-1.0,-1.0,,,,-1.0,-1.0,-1.0,-1.0,,,,368.0,128.0,350.0,193.0,0.5417624666252332,-0.041796175716343385,1.301,1.301
-1.0,-1.0,-1.0,-1.0,,,,-1.0,-1.0,-1.0,-1.0,,,,392.0,96.0,382.0,204.0,0.43055935463907,-0.06916407788448425,0.882,0.882
528.0,106.0,98.0,78.0,3.087830696020227,-1.1175411032812117,6.468,-1.0,-1.0,-1.0,-1.0,,,,-1.0,-1.0,-1.0,-1.0,,,,6.468
328.0,138.0,63.0,46.0,0.2418463245691545,-0.4038765565209943,2.799,-1.0,-1.0,-1.0,-1.0,,,,-1.0,-1.0,-1.0,-1.0,,,,2.799
-1.0,-1.0,-1.0,-1.0,,,,-1.0,-1.0,-1.0,-1.0,,,,267.0,140.0,338.0,143.0,1.4799623676306306,-0.3643514215057031,6.5920000000000005,6.5920000000000005
-1.0,-1.0,-1.0,-1.0,,,,-1.0,-1.0,-1.0,-1.0,,,,207.0,119.0,359.0,188.0,0.1352352243012244,-0.05186603345754087,1.003,1.003
-1.0,-1.0,-1.0,-1.0,,,,271.0,166.0,309.0,185.0,1.6298413730526182,0.2261021577136019,7.959,-1.0,-1.0,-1.0,-1.0,,,,7.959
494.0,63.0,132.0,102.0,2.7368804984084765,-1.3961083671861851,6.1240000000000006,-1.0,-1.0,-1.0,-1.0,,,,-1.0,-1.0,-1.0,-1.0,,,,6.1240000000000006
